shift,allocated1,allocated2,allocated3,allocated4,allocated,abandoned1,abandoned2,abandoned3,abandoned4,abandoned,Arrival time1,Arrival time2,Arrival time3,Arrival time4,Arrival time,sharing1,sharing2,sharing,SW1, SW2, SW3,SW4,SWP,SWpenalty, SW,SW1 %,SW2 %, SW3 %,SW4 %,SWP %,Working,Waiting,Moving,Patroling,Working%,Waiting%,Moving%,Patroling%,Reallocation%,completed1,completed2,completed3,completed4,completed,working1, working2, working3, working4, working,sharing1_1,sharing1_2,sharing1_3,sharing2_1,sharing2_2,SW1_average,SW2_average,SW3_average,SW4_average
0,0.0,0.0,0.0,0.0,0.0,NaN,NaN,NaN,NaN,NaN,NaN,NaN,NaN,NaN,NaN,NaN,NaN,NaN,0.0,0.0,0.0,800.0,5221.060888698102,0.0,6021.060888698106,0.0,0.0,0.0,0.13286695065676019,0.8671330493432391,1297.0,0.0,11648.446916561443,64814.55308343857,0.01667952674897119,0.0,0.14979998606689096,0.8335204871841378,0.0,NaN,NaN,NaN,Infinity,Infinity,NaN,NaN,NaN,1.0,1.0,NaN,NaN,NaN,NaN,NaN,NaN,NaN,NaN,800.0
0,1.0,1.0,1.0,1.0,0.3,1.0,1.0,0.3333333333333333,0.0,0.5,16.819678040977124,9.043729516048217,55.62656433584874,288.0,80.12385009409526,1.0,1.0,1.0,NaN,NaN,NaN,50.179405572433346,4889.58968054758,NaN,NaN,NaN,NaN,NaN,NaN,NaN,10905.969288826764,0.0,8127.582369487407,53555.619790643126,0.1502423718459928,0.0,0.11196687063996176,0.7377907575140455,0.0,1.0,1.0,0.6666666666666666,0.0,0.6666666666666666,0.5099771143769317,0.9242464566766937,0.8809806500112363,NaN,0.7990462177690245,0.09311489412994567,0.25444183579126695,0.6524432700787874,0.25901528880765684,0.7409847111923431,1815.204586886894,1334.072383990459,1128.4691177834463,NaN
0,NaN,0.75,1.0,1.0,0.3,NaN,1.0,0.5,1.0,0.8333333333333334,NaN,14.940374900682912,7.764299042974903,152.13345023821302,35.413862171035255,NaN,1.0,1.0,0.0,NaN,1607.3453677176542,13.16942310899086,4771.338196894242,NaN,NaN,NaN,NaN,NaN,NaN,NaN,16793.087015572302,0.0,9749.884888823199,51217.02809560447,0.21596048116733935,0.0,0.125384322129928,0.6586551967027326,0.003527336860670194,NaN,1.0,0.5,0.0,0.6666666666666666,NaN,0.884707533121189,0.5544723720629406,NaN,0.8021487428566269,NaN,NaN,NaN,0.04475152292593262,0.9552484770740675,NaN,1387.567194142556,1140.5742854171099,NaN
0,NaN,0.5,1.0,1.0,0.25,NaN,1.0,1.0,1.0,1.0,NaN,9.661417144102469,180.95352848990152,85.71073654323031,74.33956717291342,NaN,1.0,1.0,0.0,NaN,124.2233693025599,NaN,4589.913262169507,NaN,NaN,NaN,NaN,NaN,NaN,NaN,16867.30748871625,0.0,9864.947905951503,51027.74460533219,0.21691496256065154,0.0,0.12686404200040524,0.6562209954389433,0.008818342151675486,NaN,0.5,0.0,1.0,0.6,NaN,0.9474804364547477,NaN,0.6378880356707819,0.7410855025987706,NaN,NaN,NaN,0.019180562931559387,0.9808194370684407,NaN,1456.1235108586998,NaN,473.55998606561707
0,1.0,0.5,1.0,NaN,0.25,1.0,1.0,1.0,NaN,1.0,35.602426305604844,11.493156340285509,11.428212752417066,NaN,25.945729601903423,1.0,1.0,1.0,NaN,NaN,NaN,0.0,4355.845638371443,NaN,NaN,NaN,NaN,NaN,NaN,NaN,15136.340056439316,0.0,8607.557311014916,48481.36453155358,0.20957127268855563,0.0,0.11917654688536562,0.6712521804260787,0.006172839506172839,0.3333333333333333,1.0,1.0,NaN,0.6,0.6631725270413628,0.9021207307635017,0.9502533336437283,NaN,0.8385155304828643,0.9211037708122927,0.03068677813980228,0.04820945104790511,0.11571201986479074,0.8842879801352093,528.673928795904,1390.897361940884,1088.306817388515,NaN
0,1.0,1.0,NaN,1.0,0.3,1.0,0.0,NaN,0.0,0.3333333333333333,6.850149001467283,71.2292462516027,NaN,383.295078908538,101.78051927771345,1.0,0.6666666666666666,0.8,NaN,1881.2450309172007,0.0,0.0,3448.879596579569,NaN,NaN,NaN,NaN,NaN,NaN,NaN,19516.75739841631,0.0,10347.765423251705,43512.03428010034,0.2659808277914686,0.0,0.1410227711951659,0.5929964010133656,0.0020576131687242796,1.0,0.0,NaN,0.0,0.3333333333333333,0.9508239171776731,NaN,NaN,NaN,0.9508239171776731,0.071726901707665,0.026264334467826327,0.9020087638245087,NaN,NaN,2199.638445801518,NaN,NaN,NaN
0,0.5,1.0,NaN,0.5,0.2,0.5,1.0,NaN,1.0,0.75,83.51582012420961,5.889551048488026,NaN,16.52885454818361,47.36251146127271,1.0,1.0,1.0,NaN,NaN,0.0,266.61372005022827,4436.090575458541,NaN,NaN,NaN,NaN,NaN,NaN,NaN,15401.544679156606,0.0,11614.472415602646,50743.982905240715,0.19806513219080005,0.0,0.1493630711883057,0.6525717966208943,0.003527336860670194,1.0,1.0,NaN,0.0,0.75,0.7210437423486702,0.9519045602362485,NaN,NaN,0.7979973483111963,0.040308449175172484,0.0278980207982402,0.9317935300265874,0.16327148014360993,0.8367285198563901,1356.3355175646395,1431.2730086711008,NaN,NaN
0,NaN,0.6,NaN,1.0,0.2,NaN,0.6666666666666666,NaN,0.0,0.5,NaN,59.899317955580294,NaN,11.225766044542251,47.73092997782078,NaN,1.0,1.0,0.0,NaN,0.0,390.52765965103674,4488.409855309039,NaN,NaN,NaN,NaN,NaN,NaN,NaN,13026.920473451297,0.0,8856.154881657347,55369.121975544265,0.16862847819970478,0.0,0.11463952078607494,0.7167320010142203,0.004115226337448559,NaN,0.3333333333333333,NaN,0.0,0.25,NaN,0.9369951808830049,NaN,NaN,0.9369951808830049,NaN,NaN,NaN,0.08057935692934279,0.9194206430706573,NaN,1420.6048134428534,NaN,NaN
0,0.5,1.0,1.0,0.5,0.25,1.0,1.0,1.0,1.0,1.0,0.0,79.91468929591638,13.146452018757008,11.283530884460784,36.85187229901011,1.0,1.0,1.0,NaN,922.851038379642,NaN,NaN,5159.414369684647,NaN,NaN,NaN,NaN,NaN,NaN,NaN,19218.5830852855,0.0,6953.717323981261,51587.6995907332,0.24715256025315724,0.0,0.08942537710881254,0.6634220626380302,0.010582010582010583,1.0,0.0,1.0,1.0,0.6,1.0,NaN,0.9681411243100682,0.9757543399462022,0.9812984880854234,0.4450772434458057,0.5549227565541943,0.0,NaN,NaN,1028.2574842114504,NaN,1072.4374887093065,726.4358282508613
0,1.0,1.0,1.0,NaN,0.3,0.5,0.3333333333333333,1.0,NaN,0.5,84.89900569411657,12.188758249969638,7.705119344440969,NaN,35.67823424709717,1.0,0.6666666666666666,0.8,NaN,NaN,NaN,0.0,3416.7579728931855,NaN,NaN,NaN,NaN,NaN,NaN,NaN,24517.24029249254,0.0,8179.2933010839415,40099.98266273318,0.3367913954311996,0.0,0.11235830671189569,0.5508502978569046,0.0020576131687242796,1.0,0.3333333333333333,1.0,NaN,0.6666666666666666,0.8370166866766338,0.9209563787254547,0.8749272880820049,NaN,0.8674792600401817,0.21676546545969938,0.2863599038408054,0.4968746306994952,0.0019166267369429804,0.9980833732630571,1126.7186639558001,1481.1207483738526,1123.5029042659764,NaN
0,1.0,1.0,NaN,NaN,0.3,1.0,0.4,NaN,NaN,0.5,0.0,124.5638023028336,NaN,NaN,103.80316858569466,1.0,1.0,1.0,NaN,NaN,0.0,0.0,4345.100524560772,NaN,NaN,NaN,NaN,NaN,NaN,NaN,12797.347829852246,0.0,8405.722203335125,50943.51063953999,0.17737982466423197,0.0,0.11650894782478072,0.7061112275109873,0.004115226337448559,1.0,0.8,NaN,NaN,0.8333333333333334,1.0,0.7930823222006451,NaN,NaN,0.8344658577605161,0.17808286344975002,0.7578679448756299,0.06404919167462009,0.22950535181475867,0.7704946481852413,1265.6042316912626,1137.9612965841181,NaN,NaN
0,1.0,0.6666666666666666,NaN,1.0,0.25,0.0,1.0,NaN,1.0,0.6,76.50270888189075,8.12518432173207,NaN,25.63886065341212,38.978929412131556,0.5,1.0,0.75,1942.241651485374,NaN,0.0,NaN,4926.983841394431,NaN,NaN,NaN,NaN,NaN,NaN,NaN,11435.586923208895,0.0,8066.562898783174,53470.33777674835,0.15671093722459706,0.0,0.11054252313747918,0.7327465396379239,0.004115226337448559,1.0,0.5,NaN,1.0,0.8,0.1511450660370961,0.9239767039465037,NaN,0.6093950992112577,0.4589154838079884,0.5377864913003172,0.24130595635522728,0.2209075523444554,0.022828478565221896,0.9771715214347781,892.376503956682,1446.4899737107105,NaN,642.5393905409979
0,1.0,1.0,1.0,1.0,0.3,0.0,1.0,0.0,1.0,0.5,10.994714723320158,81.40110586689009,169.4524370351227,9.29044467212591,86.99870753324528,1.0,1.0,1.0,1980.8574747525604,NaN,916.2019930363067,338.06324378805175,4493.211005996639,NaN,NaN,NaN,NaN,NaN,NaN,NaN,18610.385772652167,0.0,7843.983843475667,51187.920143416544,0.23969393265304154,0.0,0.1010272091120474,0.6592788582349111,0.004115226337448559,0.0,1.0,0.5,0.0,0.5,NaN,0.5712852906283301,0.6959039367070861,NaN,0.6128248393212488,NaN,NaN,NaN,0.3753396525798267,0.6246603474201733,NaN,864.2434293701848,828.09079463498,NaN
0,1.0,1.0,1.0,1.0,0.3,0.0,1.0,0.0,0.0,0.3333333333333333,66.66603091096832,2.038984195022219,23.363652995860047,46.16640273721369,27.272951338324418,1.0,0.5,0.6666666666666666,939.7433876882587,NaN,1294.2796272247112,296.0766105347125,4530.961901951152,NaN,NaN,NaN,NaN,NaN,NaN,NaN,23196.757181130666,0.0,5456.307561801406,45708.81016229213,0.31194422156105434,0.0,0.07337506711275887,0.6146807113261867,0.0,0.0,1.0,0.5,0.0,0.5,NaN,0.9877491054321359,0.9104724504157806,NaN,0.9619902204266841,NaN,NaN,NaN,0.2343879236949276,0.7656120763050724,NaN,1429.6387716031236,908.5336515040203,NaN
0,1.0,1.0,1.0,1.0,0.3,1.0,0.5,1.0,1.0,0.8333333333333334,294.0407517826525,103.8628514325584,10.890050693617104,5.492784779410204,87.27367915003447,1.0,0.5,0.6666666666666666,89.05654200841511,NaN,1033.3253087103103,NaN,4808.33716540019,NaN,NaN,NaN,NaN,NaN,NaN,NaN,7835.338320464876,0.0,11283.879199542871,55383.65949095003,0.10516826510354045,0.0,0.15145561691373682,0.7433761179827227,0.004115226337448559,1.0,0.5,1.0,1.0,0.8333333333333334,0.19958104007100344,0.11303571477377902,0.7368169002461744,0.9178724328576523,0.5770357041612524,0.1054644335269644,0.500402500315175,0.39413306615786065,0.009950248756218905,0.9900497512437811,185.1761243300458,414.09320943452445,1093.3253087103103,763.353446760819
0,NaN,1.0,1.0,NaN,0.3,NaN,0.6666666666666666,0.3333333333333333,NaN,0.5,NaN,11.374554200448651,54.327961072103584,NaN,32.85125763627612,NaN,0.6666666666666666,0.6666666666666666,0.0,NaN,NaN,0.0,4600.022119642751,NaN,NaN,NaN,NaN,NaN,NaN,NaN,17409.494131981734,0.0,6208.048309463718,52008.556334213594,0.23020484216204393,0.0,0.08208870231267087,0.6877064555252852,0.006172839506172839,NaN,1.0,0.6666666666666666,NaN,0.8333333333333334,NaN,0.8254774747038648,0.8762614137616733,NaN,0.8457910503269883,NaN,NaN,NaN,0.267110820190246,0.732889179809754,NaN,1222.507177521111,751.6671256571506,NaN
0,1.0,1.0,NaN,1.0,0.3,0.0,0.5,NaN,1.0,0.5,153.77567684655833,64.16463036225267,NaN,146.45755182266544,92.8152916863724,1.0,0.75,0.8,348.64140491351736,NaN,0.0,189.45181325984385,4089.9812168740214,NaN,NaN,NaN,NaN,NaN,NaN,NaN,9816.070580351661,0.0,13725.593253975956,49616.935971413346,0.13417521120437528,0.0,0.18761421473923384,0.678210574056391,0.0020576131687242796,1.0,0.75,NaN,1.0,0.8333333333333334,0.1948334498284698,0.9736750894655409,NaN,0.5769445026452983,0.7385606441740782,0.8607273931749337,0.04673751309461554,0.09253509373045068,0.4432071336625473,0.5567928663374527,348.64140491351736,1238.3198624971938,NaN,228.73481989707227
0,1.0,1.0,1.0,NaN,0.3,0.5,0.0,1.0,NaN,0.6666666666666666,94.44334081274974,0.0,79.02266449083406,NaN,70.99244584966694,1.0,0.0,0.6666666666666666,NaN,1191.4296965803708,NaN,0.0,4526.997097869805,NaN,NaN,NaN,NaN,NaN,NaN,NaN,13281.722270217131,0.0,10442.987793087977,52010.25347168295,0.17537107896118861,0.0,0.13788859604142442,0.6867403249973869,0.004115226337448559,0.5,1.0,0.6666666666666666,NaN,0.6666666666666666,0.7144747159844768,1.0,0.6859406293154509,NaN,0.7715889936538446,0.07642457547932681,0.22435205038998027,0.6992233741306929,0.5539046427174732,0.44609535728252686,1823.452103471966,1191.4296965803708,1116.4387403052658,NaN
0,0.0,0.0,0.0,0.5,0.05,NaN,NaN,NaN,1.0,1.0,NaN,NaN,NaN,10.29104956267246,10.29104956267246,NaN,NaN,NaN,0.0,0.0,0.0,NaN,4906.238362967356,NaN,NaN,NaN,NaN,NaN,NaN,NaN,504.0,0.0,12406.119969160423,64849.88003083958,0.006481481481481481,0.0,0.1595437238832359,0.8339747946352827,0.0,NaN,NaN,NaN,1.0,1.0,NaN,NaN,NaN,0.8304354655780762,0.8304354655780762,NaN,NaN,NaN,NaN,NaN,NaN,NaN,NaN,732.6255717472412
0,1.0,1.0,1.0,1.0,0.3,1.0,0.0,0.6666666666666666,0.0,0.5,5.785465714928057,11.201769132124536,18.1549890116061,45.96814432876245,19.570057701772225,1.0,1.0,1.0,2178.370677975561,868.3757611796894,NaN,540.0358184116436,4221.893703669529,NaN,NaN,NaN,NaN,NaN,NaN,NaN,27866.984635573524,0.0,3581.2604182911227,41691.88793572401,0.38100812093875097,0.0,0.04896436842411686,0.5700275106371321,0.0,1.0,0.0,0.6666666666666666,1.0,0.6666666666666666,0.9880308788177897,NaN,0.7050443443316081,0.5039487985679368,0.7255170915122358,0.013471999622451446,0.019836542092375183,0.9666914582851733,NaN,NaN,2260.867429035556,NaN,983.0200583323933,540.0358184116436
0,1.0,0.3333333333333333,NaN,1.0,0.25,0.6666666666666666,1.0,NaN,1.0,0.8,81.97519362322642,3.6037736817297628,NaN,10.477349991089751,52.001340908499756,0.3333333333333333,1.0,0.5,NaN,1377.6792708270084,0.0,NaN,4371.13852894015,NaN,NaN,NaN,NaN,NaN,NaN,NaN,11902.646311855471,0.0,14053.834599598995,51803.51908854548,0.15306901121213323,0.0,0.18073346964504894,0.6661975191428179,0.010582010582010581,0.3333333333333333,1.0,NaN,1.0,0.6,0.10730320769099487,0.6121813693341983,NaN,0.8857149558521482,0.5350665109591138,0.3805532380411996,0.28396825534839376,0.3354785066104066,0.14986186123085,0.85013813876915,396.9210984913294,1467.6792708270084,NaN,731.4596766560496
0,1.0,1.0,1.0,NaN,0.3,1.0,0.0,0.0,NaN,0.3333333333333333,8.632611368784456,449.37921089074587,152.44045843856628,NaN,203.48409356603216,1.0,0.0,0.5,NaN,38.3547539577282,1254.054030921055,0.0,4620.665712508321,NaN,NaN,NaN,NaN,NaN,NaN,NaN,8309.665745578353,0.0,11524.363060361138,57241.86760109187,0.10781147067944177,0.0,0.1495196760281832,0.742668853292375,0.0020576131687242796,1.0,0.5,1.0,NaN,0.8333333333333334,0.9323825372526588,0.08831690782595289,0.5450607829996774,NaN,0.608640709666125,0.0735188136393637,0.18316205285441323,0.743319133506223,1.0,0.0,2006.7330084971643,37.76316701998301,627.0270154605275,NaN
0,1.0,1.0,1.0,1.0,0.3,0.5,0.5,1.0,0.0,0.5,74.87813913610994,232.80112037701585,15.667801390535516,10.296030721144053,106.88705852298851,0.5,1.0,0.75,NaN,NaN,NaN,381.04528695077283,4468.502054620057,NaN,NaN,NaN,NaN,NaN,NaN,NaN,11166.947619245551,0.0,9499.842828356685,51571.37644528755,0.15458514659990197,0.0,0.13150725214888764,0.7139076012512103,0.004115226337448559,1.0,1.0,1.0,0.0,0.8333333333333334,0.5920020119647047,0.5659966633727151,0.8521456406102724,NaN,0.6336285982570223,0.17047770239534113,0.16997561614904738,0.6595466814556115,0.2192832502310023,0.7807167497689977,1255.2414809942147,686.8861856330045,1049.5687497425563,NaN
0,1.0,0.0,0.0,0.0,0.1,1.0,NaN,NaN,NaN,1.0,10.643350481754416,NaN,NaN,NaN,10.643350481754416,1.0,NaN,1.0,NaN,0.0,0.0,0.0,4925.830542991682,NaN,NaN,NaN,NaN,NaN,NaN,NaN,9808.436921116612,0.0,11172.24603855723,56779.31704032617,0.12613730608431856,0.0,0.14367600358226887,0.7301866903334125,0.003527336860670194,0.5,NaN,NaN,NaN,0.5,0.962944762535234,NaN,NaN,NaN,0.962944762535234,0.030222460806521797,0.05033879985523594,0.9194387393382423,NaN,NaN,2182.2286755781543,NaN,NaN,NaN
0,0.5,0.75,NaN,NaN,0.2,0.0,0.6666666666666666,NaN,NaN,0.5,0.0,102.04637691287583,NaN,NaN,76.53478268465688,0.0,1.0,0.75,924.7734420156821,NaN,0.0,0.0,4443.034580656309,NaN,NaN,NaN,NaN,NaN,NaN,NaN,12236.921323959894,0.0,9080.676520862027,51907.86715528625,0.16711292067509323,0.0,0.12400981708820302,0.7088772622367037,0.004115226337448559,0.0,0.6666666666666666,NaN,NaN,0.5,NaN,0.6260743674540984,NaN,NaN,0.6260743674540984,NaN,NaN,NaN,0.04486488659746661,0.9551351134025332,NaN,1519.2120512388867,NaN,NaN
0,0.75,0.5,1.0,NaN,0.25,1.0,1.0,1.0,NaN,1.0,59.76282793003588,144.0,152.23949911496015,NaN,95.10559658101356,1.0,0.0,0.75,NaN,NaN,NaN,0.0,4290.827543355178,NaN,NaN,NaN,NaN,NaN,NaN,NaN,17618.96966016494,0.0,10362.807008821525,49778.22333101362,0.22658139995068058,0.0,0.1332665510393713,0.6401520490099482,0.014109347442680779,0.3333333333333333,1.0,1.0,NaN,0.6,0.9274189721150097,0.20198031979265552,0.61403586746116,NaN,0.5811450531229417,0.07885786694526674,0.03700905936827113,0.884133073686462,0.9025062757674199,0.09749372423258007,2122.989960472794,211.06247289950002,326.5552853115405,NaN
0,1.0,1.0,1.0,NaN,0.3,1.0,0.0,0.5,NaN,0.5,8.422677394935317,161.94741071351547,48.58420432234747,NaN,60.78448423297343,1.0,1.0,1.0,NaN,141.62358708402144,NaN,0.0,4832.754393906796,NaN,NaN,NaN,NaN,NaN,NaN,NaN,13747.081654923702,0.0,8462.607245415566,54476.7072154779,0.17926362889921044,0.0,0.11035343521209084,0.7103829358886987,0.0020576131687242796,1.0,0.0,0.75,NaN,0.6666666666666666,0.798102797758772,NaN,0.7723366673045057,NaN,0.7787781999180723,0.7986175255990315,0.2013824744009685,0.0,NaN,NaN,745.4921735988258,NaN,852.9853531427328,NaN
0,NaN,0.5,1.0,1.0,0.25,NaN,1.0,1.0,1.0,1.0,NaN,1.976021661110508,84.80123498542434,11.388886589720233,36.98867997655799,NaN,0.5,0.5,0.0,NaN,1126.0826937902184,NaN,5350.121892713396,NaN,NaN,NaN,NaN,NaN,NaN,NaN,15151.501081499682,0.0,6785.251757112263,55823.247161388106,0.1948495509452118,0.0,0.08725889605339837,0.7178915530013897,0.007054673721340388,NaN,1.0,0.0,1.0,0.6,NaN,0.9785336469480248,NaN,0.7783784132034794,0.911815235699843,NaN,NaN,NaN,0.22456445614655107,0.7754355438534488,NaN,1605.3372118157545,NaN,725.7818412846377
0,1.0,1.0,1.0,NaN,0.3,1.0,0.6666666666666666,0.5,NaN,0.6666666666666666,17.875459511382633,55.235219297900905,12.929347463222939,NaN,34.90663538858854,1.0,0.3333333333333333,0.5,1031.3395422823771,NaN,1659.2725827464908,0.0,3961.8861787402548,NaN,NaN,NaN,NaN,NaN,NaN,NaN,12977.473583667179,0.0,14044.209187022534,46955.56557356578,0.17542519996521214,0.0,0.189844979387005,0.6347298206477828,0.014403292181069961,0.0,1.0,0.5,NaN,0.6666666666666666,NaN,0.5456331831683762,1.0,NaN,0.6592248873762822,NaN,NaN,NaN,0.9138734723476395,0.08612652765236056,NaN,425.7892663042351,1200.0,NaN
0,1.0,1.0,NaN,1.0,0.3,0.0,0.3333333333333333,NaN,1.0,0.5,2.369494246404338,21.297812913828423,NaN,25.027560415661966,19.38634230320226,1.0,1.0,1.0,1921.3550228729448,NaN,0.0,NaN,4716.9545958594745,NaN,NaN,NaN,NaN,NaN,NaN,NaN,18743.5075793243,0.0,7144.7318182434865,46752.0993142057,0.2580316654868016,0.0,0.0983576335814287,0.6436107009317698,0.0020576131687242796,1.0,0.6666666666666666,NaN,0.5,0.6666666666666666,0.9638730166577594,0.9360576592593626,NaN,0.8846958880063218,0.9301710557957015,0.17081944610921035,0.3030357075603207,0.5261448463304689,0.15156836614398078,0.8484316338560192,1921.3550228729448,1414.1118201690615,NaN,703.3977518491325
0,0.6666666666666666,1.0,0.6666666666666666,NaN,0.25,1.0,1.0,1.0,NaN,1.0,9.458692379967832,151.38144215554263,29.97093942605477,NaN,46.04814115351758,1.0,1.0,1.0,NaN,346.7432973463658,NaN,0.0,4327.981660329956,NaN,NaN,NaN,NaN,NaN,NaN,NaN,21179.503363694133,0.0,8412.922904793977,48167.573731511875,0.27237015642610773,0.0,0.10819088097728882,0.6194389625966035,0.007054673721340388,1.0,1.0,0.5,NaN,0.8,0.9200997439507823,0.7087510460684282,0.9157728661603015,NaN,0.8661808500325735,0.0633013147523607,0.11388116384616787,0.8228175214014715,0.012704930435367457,0.9872950695646325,2079.0495384092237,436.7432973463658,947.7741001978163,NaN
0,0.0,0.6666666666666666,1.0,1.0,0.25,NaN,1.0,1.0,1.0,1.0,NaN,10.892464244684199,174.71554731875406,7.208160751935472,75.68483677576239,NaN,1.0,1.0,0.0,NaN,NaN,NaN,4671.906002505432,NaN,NaN,NaN,NaN,NaN,NaN,NaN,12493.853867328828,0.0,9814.887215139213,55451.25891753199,0.1606719890345785,0.0,0.12622025739633758,0.713107753569084,0.005291005291005291,NaN,1.0,0.5,1.0,0.8,NaN,0.8029931786380493,0.8558501856576052,0.9328900085293976,0.8486816378657753,NaN,NaN,NaN,0.04746566159322957,0.9525343384067704,NaN,1433.7349293714424,771.4888974490758,752.1907954285874
0,0.6666666666666666,0.0,0.0,0.5,0.15,1.0,NaN,NaN,1.0,1.0,10.184006803299916,NaN,NaN,173.8914104156177,64.75314134073919,1.0,NaN,1.0,NaN,0.0,0.0,140.6927176809355,4698.697458427324,NaN,NaN,NaN,NaN,NaN,NaN,NaN,6932.999999999999,0.0,13446.062828161768,57380.9371718382,0.08915895061728397,0.0,0.1729174746419981,0.7379235747407179,0.001763668430335097,1.0,NaN,NaN,1.0,1.0,0.8667433449593105,NaN,NaN,0.5498018120002071,0.761096167306276,0.2769529471302245,0.20603440291498593,0.5170126499547896,NaN,NaN,1746.345971493808,NaN,NaN,180.9163030109983
0,1.0,1.0,0.5,1.0,0.25,0.0,1.0,0.0,1.0,0.6,144.0,84.5787502459281,8.310720276926896,20.52032537587113,68.39770922893085,1.0,1.0,1.0,282.8684392304575,NaN,818.1918918502562,157.4318168083322,4286.4546715025335,NaN,NaN,NaN,NaN,NaN,NaN,NaN,13985.43312890573,0.0,9707.523876566367,51595.75632773512,0.18575736667208054,0.0,0.12893730609531773,0.6853053272326018,0.006172839506172839,0.0,1.0,0.0,0.0,0.4,NaN,0.5323097699688146,NaN,NaN,0.5323097699688146,NaN,NaN,NaN,0.005166873564424206,0.9948331264355759,NaN,934.8165656507606,NaN,NaN
0,1.0,0.6666666666666666,0.0,0.5,0.2,1.0,1.0,NaN,1.0,1.0,301.6138061531281,146.05762987354439,NaN,24.79177621903773,154.63021052981367,1.0,1.0,1.0,NaN,NaN,0.0,16.51450677009028,4871.872743033054,NaN,NaN,NaN,NaN,NaN,NaN,NaN,7582.5849918287,0.0,11965.715753505872,58211.69925466544,0.09751266707598637,0.0,0.15388008942265782,0.7486072435013559,0.003527336860670194,1.0,0.5,NaN,0.0,0.5,0.2843943537045334,0.8385883998909379,NaN,NaN,0.5614913767977356,0.0016685205784204668,0.0016685205784204668,0.996662958843159,0.8523848389594543,0.14761516104054578,181.96013998638165,762.7160973116062,NaN,NaN
0,1.0,1.0,NaN,1.0,0.3,0.5,0.6666666666666666,NaN,1.0,0.6666666666666666,157.18091482849587,102.41952691360468,NaN,14.235183533902092,105.97593232195133,1.0,1.0,1.0,NaN,NaN,0.0,517.2250077923902,4025.281587152992,NaN,NaN,NaN,NaN,NaN,NaN,NaN,12631.202285552681,0.0,10754.78921743333,48686.698725890164,0.17525642855068488,0.0,0.14922142053085713,0.675522150918458,0.01234567901234568,1.0,1.0,NaN,0.0,0.8333333333333334,0.2535593239688871,0.6833339239294411,NaN,NaN,0.5114240839452195,0.08489982597042606,0.003939973523544136,0.9111602005060299,0.13123210766933804,0.868767892330662,610.2828628272806,909.4907827889054,NaN,NaN
0,1.0,1.0,NaN,1.0,0.3,0.5,0.5,NaN,0.5,0.5,11.150497560980263,84.088918265106,NaN,224.17718861292207,106.47220147966947,0.5,1.0,0.75,NaN,529.6022372941809,0.0,NaN,4119.475392606353,NaN,NaN,NaN,NaN,NaN,NaN,NaN,7736.593632775263,0.0,11483.872862312091,54873.76464210192,0.10441560043251628,0.0,0.15499010767854665,0.740594291888937,0.004115226337448559,0.5,0.5,NaN,1.0,0.6666666666666666,0.9327498892259518,0.11078176994921682,NaN,0.1636997188627482,0.3427327742251663,0.7062788357000025,0.29372116429999756,0.0,0.009950248756218905,0.9900497512437811,855.9742949939573,401.4817895198328,NaN,140.95718939587815
0,1.0,1.0,0.6666666666666666,NaN,0.25,1.0,1.0,1.0,NaN,1.0,144.0,14.151171968232154,17.2291100262795,NaN,41.35211279780466,1.0,1.0,1.0,NaN,NaN,1277.142862045812,0.0,4455.556656137574,NaN,NaN,NaN,NaN,NaN,NaN,NaN,13706.640398056037,0.0,9957.289062630993,48511.11920215469,0.18990829451442687,0.0,0.13796026808579567,0.6721314373997773,0.008230452674897118,1.0,0.5,0.5,NaN,0.6,0.12150097791195738,0.9550271570653075,0.6105707892452412,NaN,0.5623663080741687,0.8921039638190073,0.1078960361809928,0.0,0.010187421694437437,0.9898125783055625,209.31696840866323,1462.363165346414,1144.114728089491,NaN
0,0.6666666666666666,1.0,NaN,0.5,0.2,1.0,1.0,NaN,1.0,1.0,4.472228849436351,2.4129361241352023,NaN,17.395066471180918,7.1881150735472055,1.0,1.0,1.0,NaN,NaN,0.0,563.426258339873,3869.2656718498547,NaN,NaN,NaN,NaN,NaN,NaN,NaN,24200.569246207262,0.0,7334.939995719852,41225.91887673192,0.3326016252284256,0.0,0.1008080817731898,0.5665902929983846,0.006172839506172839,0.5,1.0,NaN,0.0,0.5,1.0,0.9949978078560295,NaN,NaN,0.9974989039280148,0.03892592441853467,0.5131952167318136,0.44787885884965173,0.027763823663579202,0.9722361763364209,1859.332643225502,1552.4601757459982,NaN,NaN
0,1.0,0.6666666666666666,1.0,NaN,0.25,1.0,1.0,0.5,NaN,0.8,12.981850380665445,82.84164428740924,78.90546343273431,NaN,67.2952131641905,1.0,1.0,1.0,1494.8437958463717,NaN,1098.01151081831,0.0,3856.735737135967,NaN,NaN,NaN,NaN,NaN,NaN,NaN,14240.118621492657,0.0,11929.635277872723,45916.53620478773,0.1975426756033356,0.0,0.16549104220284216,0.6369662821938223,0.0102880658436214,1.0,1.0,0.5,NaN,0.8,0.8364666959987446,0.6214310604234072,0.4992427623803293,NaN,0.6446428948064721,0.09268090321486533,0.5037309816993879,0.4035881150857468,0.15486554250357562,0.8451344574964244,1614.8437958463717,875.0752886485764,311.3662216259217,NaN
0,NaN,0.6666666666666666,NaN,0.75,0.25,NaN,1.0,NaN,1.0,1.0,NaN,163.5211831882162,NaN,12.96356094323289,73.18660984122623,NaN,1.0,1.0,0.0,442.64376712949365,0.0,NaN,4764.195447169837,NaN,NaN,NaN,NaN,NaN,NaN,NaN,15332.838086807726,0.0,7763.511311133398,54663.65060205887,0.1971815597583298,0.0,0.09983939443329987,0.7029790458083702,0.005291005291005291,NaN,0.5,NaN,1.0,0.8,NaN,0.7337385299278324,NaN,0.919492529087783,0.8730540292977954,NaN,NaN,NaN,0.7382812585227395,0.2617187414772605,NaN,239.22094869112075,NaN,754.6470986108362
0,1.0,1.0,NaN,1.0,0.3,0.5,0.3333333333333333,NaN,1.0,0.5,89.67161965149235,66.87724100067081,NaN,17.260707565082278,66.20594497834657,1.0,0.6666666666666666,0.8,3270.2366262994433,NaN,0.0,NaN,3781.661015441518,NaN,NaN,NaN,NaN,NaN,NaN,NaN,14934.1655582065,0.0,11957.66513814692,45632.337183527234,0.2059198470631398,0.0,0.1648783500412166,0.6292018028956436,0.004115226337448559,1.0,0.6666666666666666,NaN,1.0,0.8333333333333334,0.6827615919105956,0.7684831756750494,NaN,0.6985593035946362,0.7202097677531853,0.38773063720820755,0.15331305232678977,0.4589563104650026,0.279856419792978,0.7201435802070221,1695.1183131497214,821.9167395712749,NaN,690.2487007980387
0,0.0,0.3333333333333333,0.0,0.0,0.05,NaN,1.0,NaN,NaN,1.0,NaN,0.0,NaN,NaN,0.0,NaN,0.0,0.0,0.0,NaN,0.0,0.0,4804.470597752426,NaN,NaN,NaN,NaN,NaN,NaN,NaN,1974.9999999999998,0.0,11641.047636207,64143.95236379302,0.025398662551440323,0.0,0.14970483071253857,0.8248965067360212,0.0,NaN,1.0,NaN,NaN,1.0,NaN,1.0,NaN,NaN,1.0,NaN,NaN,NaN,0.20140659392237215,0.7985934060776279,NaN,1480.554604805111,NaN,NaN
0,NaN,0.75,1.0,1.0,0.3,NaN,0.6666666666666666,1.0,0.5,0.6666666666666666,NaN,11.787684863625872,14.525824426452363,81.93268356426718,35.625707690977386,NaN,1.0,1.0,0.0,NaN,NaN,827.4318154920675,4653.2259279438695,NaN,NaN,NaN,NaN,NaN,NaN,NaN,23680.23644753265,0.0,5965.929466495611,48113.83408597172,0.30452978970592404,0.0,0.07672234396213494,0.618747866331941,0.007054673721340388,NaN,0.3333333333333333,1.0,0.0,0.3333333333333333,NaN,0.539139809464451,0.9565908445609373,NaN,0.7478653270126941,NaN,NaN,NaN,0.009950248756218905,0.9900497512437811,NaN,1376.8264355611184,1059.8654774869653,NaN
0,1.0,1.0,NaN,0.5,0.3,1.0,1.0,NaN,1.0,1.0,7.030656149733477,6.835311768851643,NaN,23.862083320093554,9.7056644242056,1.0,1.0,1.0,NaN,NaN,0.0,345.9646038756004,4669.910964919572,NaN,NaN,NaN,NaN,NaN,NaN,NaN,27545.039422395246,0.0,5031.378253454013,45183.582324150775,0.3542314740534367,0.0,0.06470393844462463,0.5810645875019388,0.003527336860670194,1.0,1.0,NaN,0.0,0.8333333333333334,0.9234580728648466,0.9619383501725935,NaN,NaN,0.9542422947110442,0.07966459902244116,0.1609731996492686,0.7593622013282902,0.1139857273120761,0.8860142726879239,2073.84737147895,1444.4866106559925,NaN,NaN
0,NaN,1.0,NaN,1.0,0.3,NaN,0.0,NaN,1.0,0.16666666666666666,NaN,180.9781203740024,NaN,16.834141470140235,153.62079055669204,NaN,0.6,0.6,0.0,2425.185439359658,0.0,NaN,3880.499597921424,NaN,NaN,NaN,NaN,NaN,NaN,NaN,14968.42281923501,0.0,11186.594329798714,47576.50200244222,0.20301253780602962,0.0,0.1517206543217519,0.6452668078722184,0.004115226337448559,NaN,0.2,NaN,1.0,0.3333333333333333,NaN,0.6439459291991964,NaN,0.8350146213062747,0.7394802752527355,NaN,NaN,NaN,0.33623744082555856,0.6637625591744414,NaN,1134.1074285056045,NaN,692.7704005593397
0,1.0,1.0,1.0,NaN,0.3,0.6666666666666666,1.0,0.0,NaN,0.6666666666666666,52.57163033812309,118.18805376521352,154.83495123370784,NaN,91.48765829641735,1.0,1.0,1.0,2725.275784916533,NaN,181.71912435414768,0.0,3776.2032833662374,NaN,NaN,NaN,NaN,NaN,NaN,NaN,17942.742906918134,0.0,9176.172656365547,49266.15710151595,0.23489855126087547,0.0,0.12013044350475799,0.6449710052343665,0.008230452674897118,0.0,1.0,0.0,NaN,0.3333333333333333,NaN,0.56056389415505,NaN,NaN,0.56056389415505,NaN,NaN,NaN,0.39947497842730106,0.6005250215726989,NaN,786.3363545638368,NaN,NaN
0,1.0,0.5,NaN,0.6666666666666666,0.25,0.5,1.0,NaN,0.5,0.6,95.91263664194514,153.53910003538766,NaN,152.3252147121845,130.0029605487294,0.5,1.0,0.6666666666666666,NaN,297.3387807944742,0.0,NaN,4136.828822179179,NaN,NaN,NaN,NaN,NaN,NaN,NaN,12271.129947644597,0.0,12025.350526812002,53463.51952554341,0.15780774109625254,0.0,0.15464699751558644,0.6875452613881611,0.007054673721340388,0.5,1.0,NaN,0.5,0.6,0.9391152905348034,0.3620044248020027,NaN,0.904081917209879,0.735067210848895,0.3636292423279341,0.14941810489647753,0.4869526527755884,0.26191186432753677,0.7380881356724632,1838.0978874460782,387.3387807944742,NaN,735.0875797451758
0,1.0,0.0,NaN,0.0,0.2,1.0,NaN,NaN,NaN,1.0,50.19935460451048,NaN,NaN,NaN,50.19935460451048,1.0,NaN,1.0,NaN,0.0,0.0,0.0,4194.905179917854,NaN,NaN,NaN,NaN,NaN,NaN,NaN,14213.749782679784,0.0,11581.529859205326,51964.72035811488,0.18278999206121124,0.0,0.1489394272017146,0.6682705807370742,0.003527336860670194,0.75,NaN,NaN,NaN,0.75,0.9747149414822344,NaN,NaN,NaN,0.9747149414822344,0.2828801996997827,0.10751553884735617,0.6096042614528611,NaN,NaN,1928.2765318017653,NaN,NaN,NaN
0,0.5,1.0,1.0,NaN,0.3,1.0,0.5,0.0,NaN,0.5,144.0,78.1984071961692,435.6469607784895,NaN,148.7400982605277,0.0,0.75,0.6,NaN,NaN,23.07669796666207,0.0,4604.031108965211,NaN,NaN,NaN,NaN,NaN,NaN,NaN,12655.256237547266,0.0,9632.17995558697,55472.56380686577,0.16274763679973336,0.0,0.12387062700086122,0.7133817361994055,0.003527336860670194,1.0,0.5,0.0,NaN,0.5,0.4969121112835238,0.9278410921206119,NaN,NaN,0.7841980985082492,0.39976866330717103,0.053270967330795393,0.5469603693620336,0.2568486015226508,0.7431513984773492,585.3424459790966,1374.2159441805657,NaN,NaN
0,0.5,1.0,NaN,1.0,0.3,1.0,1.0,NaN,1.0,1.0,314.28659173969015,65.34644479599257,NaN,105.78719616481179,120.3167197428819,1.0,1.0,1.0,NaN,NaN,0.0,NaN,4570.527242797231,NaN,NaN,NaN,NaN,NaN,NaN,NaN,10451.682764707883,0.0,11911.88423234639,55396.433002945676,0.13440950057494716,0.0,0.15318781162996914,0.7124026877950839,0.007054673721340388,1.0,0.6666666666666666,NaN,0.5,0.6666666666666666,0.041282827242177814,0.8470046492002734,NaN,0.6199998280118886,0.5888229884136533,0.014778325123152742,0.014778325123152742,0.9704433497536945,0.38184290434689405,0.618157095653106,162.00649034301918,1182.4553725921814,NaN,648.7361404094853
0,0.75,1.0,NaN,NaN,0.3,1.0,1.0,NaN,NaN,1.0,105.3334570438555,41.16366444509773,NaN,NaN,73.24856074447662,1.0,1.0,1.0,NaN,NaN,0.0,0.0,3805.586562916168,NaN,NaN,NaN,NaN,NaN,NaN,NaN,24168.429654889944,0.0,9965.273106725386,43626.29723838466,0.31080799453304975,0.0,0.12815423233957546,0.5610377731273748,0.019400352733686073,0.6666666666666666,0.3333333333333333,NaN,NaN,0.5,0.3513271023932797,0.9716878059263275,NaN,NaN,0.5581140035709623,0.24820574757172484,0.21124890674229102,0.5405453456859841,0.02157136798775769,0.9784286320122422,1303.5938297405964,1500.7163973949819,NaN,NaN
0,1.0,0.6666666666666666,NaN,0.5,0.2,1.0,1.0,NaN,1.0,1.0,8.137582915549183,77.14084375552503,NaN,5.980511176428077,42.09994540075683,1.0,0.5,0.6666666666666666,NaN,NaN,0.0,NaN,3586.883617273683,NaN,NaN,NaN,NaN,NaN,NaN,NaN,15169.119625597708,0.0,12651.023454022335,44571.73013849585,0.20954174759221003,0.0,0.1747575092566668,0.6157007431511232,0.004115226337448559,1.0,1.0,NaN,1.0,1.0,0.950850235102644,0.8695557918333002,NaN,0.8991150538727788,0.8972692181605058,0.26376710003270526,0.08790627454433143,0.6483266254229633,0.283819410378481,0.716180589621519,1970.458258936617,938.0574778029224,NaN,760.1266323708692
0,1.0,0.6666666666666666,NaN,1.0,0.25,1.0,0.0,NaN,0.0,0.4,171.8946903933157,239.70597815892057,NaN,301.6458112697657,224.96942967484765,0.5,0.0,0.25,NaN,1639.8326192943098,0.0,53.98908254852555,4090.817355275692,NaN,NaN,NaN,NaN,NaN,NaN,NaN,8092.256417562061,0.0,11601.424329040889,52738.84522444148,0.11172130626504748,0.0,0.1601687111350868,0.7281099825998656,0.0,1.0,0.5,NaN,0.0,0.6,0.4842260764976949,1.0,NaN,NaN,0.6561507176651299,0.5607350809311515,0.050541763301054574,0.38872315576779387,0.001682085786375105,0.9983179142136249,1043.478300782917,1597.7572189515,NaN,NaN
0,1.0,1.0,NaN,1.0,0.3,1.0,0.5,NaN,0.6666666666666666,0.6666666666666666,0.0,92.13081869188372,NaN,30.329429838251468,45.87498781642031,1.0,1.0,1.0,NaN,NaN,0.0,NaN,4677.370137331169,NaN,NaN,NaN,NaN,NaN,NaN,NaN,10280.05949984612,0.0,13001.24637036838,53040.350153244784,0.13469387373730857,0.0,0.17034806433408806,0.6949580619286034,0.004115226337448559,1.0,1.0,NaN,0.6666666666666666,0.8333333333333334,1.0,0.4345554538949681,NaN,0.8610412093898965,0.7182386653139459,0.1724815711857199,0.11104921768614343,0.7164692111281367,0.14833574197283794,0.8516642580271621,2173.1966376243486,806.8199422888918,NaN,657.8413206756107
0,1.0,0.5,NaN,NaN,0.25,0.5,0.0,NaN,NaN,0.4,155.11272109528397,12.421485381276398,NaN,NaN,126.57447395248246,1.0,1.0,1.0,NaN,879.7234659435408,0.0,0.0,3875.709323105713,NaN,NaN,NaN,NaN,NaN,NaN,NaN,14435.863852845605,0.0,10102.735407395074,49821.02688200038,0.19413577773012905,0.0,0.13586318183028182,0.6700010404395891,0.0,0.75,0.0,NaN,NaN,0.6,0.6601585442697363,NaN,NaN,NaN,0.6601585442697363,0.08925758328031841,0.07393790808380438,0.8368045086358772,NaN,NaN,1472.8121383569967,NaN,NaN,NaN
0,0.5,0.0,1.0,0.0,0.15,1.0,NaN,0.0,NaN,0.6666666666666666,5.13763565850503,NaN,457.6206615119471,NaN,155.96531094298572,1.0,NaN,1.0,NaN,0.0,22.107057789330177,0.0,4722.993773411966,NaN,NaN,NaN,NaN,NaN,NaN,NaN,9998.135725585558,0.0,9402.102774220097,58359.76150019436,0.1285768483228595,0.0,0.1209118155120897,0.7505113361650508,0.0,1.0,NaN,0.0,NaN,0.6666666666666666,0.9673483703473171,NaN,NaN,NaN,0.9673483703473171,0.17902325369945157,0.05698629682106164,0.7639904494794867,NaN,NaN,2095.0864792480993,NaN,NaN,NaN
0,0.5,1.0,0.0,1.0,0.25,1.0,0.6666666666666666,NaN,0.0,0.6,0.0,74.60618854296484,NaN,39.61287801030721,52.68628872784035,1.0,1.0,1.0,NaN,NaN,0.0,71.10293882921974,4415.556590177005,NaN,NaN,NaN,NaN,NaN,NaN,NaN,23188.959733520744,0.0,7755.226346570726,46815.81391990849,0.2982119307294336,0.0,0.09973284910713387,0.6020552201634326,0.007054673721340388,1.0,0.3333333333333333,NaN,0.0,0.4,1.0,0.9866552940252963,NaN,NaN,0.9933276470126482,0.06077018633024677,0.13190858740525793,0.8073212262644953,0.025322422442044027,0.9746775775579559,2244.474787099084,1522.2387861123846,NaN,NaN
0,0.75,1.0,NaN,0.5,0.25,1.0,1.0,NaN,1.0,1.0,50.15170885119381,168.87440082168717,NaN,14.761554047880145,66.81821628462976,1.0,1.0,1.0,NaN,NaN,0.0,278.9690433979059,4147.767977912551,NaN,NaN,NaN,NaN,NaN,NaN,NaN,15099.861976589524,0.0,12757.491879536883,49902.646143873586,0.19418546780593524,0.0,0.16406239557017596,0.6417521366238887,0.015873015873015876,0.6666666666666666,1.0,NaN,0.0,0.6,0.7599995312347703,0.2642308860390791,NaN,NaN,0.59474331616954,0.27511038814288563,0.14478039544499233,0.5801092164121221,0.09222343403755451,0.9077765659624455,1887.978981201642,365.5172923986676,NaN,NaN
0,NaN,1.0,0.6666666666666666,NaN,0.25,NaN,0.3333333333333333,0.5,NaN,0.4,NaN,12.708846111777119,6.0258100150872,NaN,10.03563167310115,NaN,1.0,1.0,0.0,NaN,NaN,0.0,4890.698652068959,NaN,NaN,NaN,NaN,NaN,NaN,NaN,24173.52920217409,0.0,2681.0442687449563,45414.68981072358,0.334492536722932,0.0,0.03709798809345242,0.6284094751836156,0.0,NaN,0.6666666666666666,1.5,NaN,1.0,NaN,0.8044296771136917,0.957542011518049,NaN,0.8962970777563062,NaN,NaN,NaN,0.5516230634556919,0.4483769365443081,NaN,940.1671088985598,1159.8786012428939,NaN
0,1.0,0.5,0.5,0.0,0.2,0.5,1.0,0.0,NaN,0.5,154.31732180177082,8.834918597860952,455.34211507447753,NaN,193.20291931897003,1.0,1.0,1.0,1719.9721856136364,NaN,12.993453677413058,800.0,4383.775488432332,NaN,NaN,NaN,NaN,NaN,NaN,NaN,11782.175411523487,0.0,9342.067733853168,56635.756854623294,0.15151974551856348,0.0,0.12013975995181551,0.7283404945296211,0.003527336860670194,0.0,2.0,0.0,Infinity,0.75,NaN,0.6148130861575642,NaN,1.0,0.7432087241050428,NaN,NaN,NaN,0.22075237609324377,0.7792476239067563,NaN,835.6232197587503,NaN,800.0
0,0.3333333333333333,0.0,1.0,1.0,0.15,1.0,NaN,1.0,1.0,1.0,5.341962624909684,NaN,11.286733366566978,6.523917377128751,7.717537789535137,1.0,NaN,1.0,NaN,0.0,1029.6239106336043,NaN,5304.2565364286165,NaN,NaN,NaN,NaN,NaN,NaN,NaN,7489.0294018635595,0.0,7913.943249260417,57855.92644389259,0.10222688976188835,0.0,0.1080270567401792,0.7897460534979325,0.0020576131687242796,1.0,NaN,1.0,1.0,1.0,0.8972701663977987,NaN,0.4121768856693599,0.98263178387925,0.7640262786488029,0.284271208581589,0.15747101304808775,0.5582577783703232,NaN,NaN,1919.1109717807465,NaN,1089.6239106336043,756.6036415534238
0,1.0,1.0,0.0,1.0,0.25,1.0,1.0,NaN,0.0,0.8,155.92555280398324,6.0612096904730155,NaN,152.25482153967033,95.24566930571656,1.0,1.0,1.0,NaN,NaN,0.0,217.675008509685,3814.8414672221493,NaN,NaN,NaN,NaN,NaN,NaN,NaN,9932.0,0.0,12940.869372417113,52324.32878964816,0.1320793891628052,0.0,0.17209244079183514,0.6958281700453596,0.0,1.0,1.0,NaN,1.0,1.0,0.6344019214190736,0.8989349926106355,NaN,0.508783826031938,0.7150915308182714,0.3762199504980383,0.12592473252888514,0.4978553169730766,0.0037216976230883794,0.9962783023769116,884.8708664630162,1517.3183531508737,NaN,217.675008509685
0,NaN,1.0,1.0,1.0,0.3,NaN,0.6666666666666666,1.0,0.5,0.6666666666666666,NaN,8.463379081485249,12.862496864014975,9.223215974975517,9.449844343070291,NaN,1.0,1.0,0.0,NaN,NaN,NaN,4423.9685045317065,NaN,NaN,NaN,NaN,NaN,NaN,NaN,25507.04125158569,0.0,3977.1200208439677,45412.78396547212,0.34056183694228687,0.0,0.05310123140818481,0.6063369316495284,0.0,NaN,0.6666666666666666,1.0,1.0,0.8333333333333334,NaN,0.9518724566239586,0.7566801110983684,0.9731924053077414,0.9213619669923538,NaN,NaN,NaN,0.010239995442420687,0.9897600045575793,NaN,1446.6605913832336,1075.043992243821,739.4673168802676
0,1.0,0.75,NaN,1.0,0.25,1.0,0.0,NaN,1.0,0.4,2.037786222629868,106.38148806612814,NaN,150.7215552993811,94.38076114407907,1.0,0.6666666666666666,0.75,NaN,2241.327436994394,0.0,124.7842379843116,4180.609263314444,NaN,NaN,NaN,NaN,NaN,NaN,NaN,12027.208314924781,0.0,11627.133723984043,51732.76769327666,0.15953932121355663,0.0,0.1542323848903309,0.6862282938961124,0.0020576131687242796,1.0,0.3333333333333333,NaN,0.0,0.4,0.9758105549393911,1.0,NaN,NaN,0.9879052774696955,0.24084406921902246,0.17660512157005462,0.582550809210923,8.022462896109105E-4,0.9991977537103891,1998.7441465944612,1598.930338280519,NaN,NaN
0,NaN,0.75,1.0,NaN,0.25,NaN,1.0,1.0,NaN,1.0,NaN,61.20578374961645,6.538561515243634,NaN,39.33889485586732,NaN,1.0,1.0,0.0,NaN,NaN,0.0,4346.832739442288,NaN,NaN,NaN,NaN,NaN,NaN,NaN,17145.999999999985,0.0,9000.049917869195,47055.53021236883,0.2342299164785015,0.0,0.12294884757756024,0.6428212359439383,0.0,NaN,1.0,1.0,NaN,1.0,NaN,0.8324308941758849,0.9472720075180434,NaN,0.8783673395127483,NaN,NaN,NaN,0.010565334319470475,0.9894346656805295,NaN,1098.1169908426543,1134.7960651084732,NaN
0,1.0,1.0,1.0,NaN,0.3,0.6666666666666666,0.0,0.5,NaN,0.5,49.3526335928372,9.194718272331283,17.414466200750894,NaN,32.01359190872411,1.0,1.0,1.0,NaN,1476.1527940289382,NaN,0.0,4695.448390641708,NaN,NaN,NaN,NaN,NaN,NaN,NaN,15501.476930612112,0.0,9020.670402132342,48390.297591795366,0.2126039930035983,0.0,0.12371921434630556,0.663676792650096,0.0020576131687242796,0.6666666666666666,1.0,0.5,NaN,0.6666666666666666,0.7365632935209367,0.787869926514192,0.7823536616804377,NaN,0.7608375438091257,0.26965558191713535,0.07548897222004985,0.6548554458628149,0.005856515373352855,0.9941434846266471,2083.073212077357,1476.1527940289382,946.9090899286916,NaN
0,0.3333333333333333,NaN,0.6666666666666666,0.0,0.15,1.0,NaN,0.5,NaN,0.6666666666666666,176.2300686178234,NaN,14.389939020656701,NaN,68.33664888637894,1.0,NaN,1.0,356.0321273554566,0.0,NaN,0.0,4960.143823981915,NaN,NaN,NaN,NaN,NaN,NaN,NaN,5065.0,0.0,12466.326533003405,60228.673466996624,0.06513631687242796,0.0,0.1603179852495293,0.7745456978780427,0.001763668430335097,1.0,NaN,1.0,NaN,1.0,0.07064230019779316,NaN,0.948382433044453,NaN,0.6558023887622331,-7.226915214702364,8.226915214702364,0.0,NaN,NaN,370.1751449186685,NaN,1069.1365429434659,NaN
0,0.5,0.0,NaN,0.0,0.05,1.0,NaN,NaN,NaN,1.0,2.7219114806331186,NaN,NaN,NaN,2.7219114806331186,1.0,NaN,1.0,NaN,0.0,0.0,0.0,4844.906600428544,NaN,NaN,NaN,NaN,NaN,NaN,NaN,400.00000000000006,0.0,12533.196273142657,64826.80372685735,0.0051440329218107,0.0,0.16117793561140245,0.8336780314667868,0.0,1.0,NaN,NaN,NaN,1.0,0.9075145186271898,NaN,NaN,NaN,0.9075145186271898,0.5449461519788029,0.41247272186000367,0.04258112616119326,NaN,NaN,1059.0999170892283,NaN,NaN,NaN
0,1.0,1.0,1.0,1.0,0.3,0.0,0.5,0.5,1.0,0.5,0.0,7.100193381196627,16.450773124680588,10.049015478305865,9.525158081676715,1.0,1.0,1.0,1679.98185634015,NaN,NaN,NaN,5160.008263065239,NaN,NaN,NaN,NaN,NaN,NaN,NaN,26145.841824186184,0.0,2366.7585195252095,46833.411719641976,0.3470102943497781,0.0,0.03141186181871394,0.6215778438315079,0.0,0.0,0.5,0.5,1.0,0.5,NaN,0.9521951689540051,0.8004232133075893,0.9525427995232619,0.9017203939282855,NaN,NaN,NaN,0.28822638770862596,0.711773612291374,NaN,1360.919917379854,1101.9250969312086,734.1430320098666
0,1.0,1.0,1.0,1.0,0.3,1.0,1.0,0.0,0.5,0.6666666666666666,0.0,8.185546787029748,16.283926138239416,34.63284279030829,16.986784215485915,1.0,1.0,1.0,NaN,NaN,674.0441064567917,NaN,5602.306926175481,NaN,NaN,NaN,NaN,NaN,NaN,NaN,13940.83030426755,0.0,5162.898479623332,54669.44271569216,0.1889688354301854,0.0,0.0699834150366236,0.741047749533191,0.006172839506172839,1.0,1.0,0.0,1.0,0.8333333333333334,1.0,0.589216377382939,NaN,0.6003245164885299,0.6758163575485876,0.6965321067779515,0.3034678932220485,0.0,0.06366427910739075,0.9363357208926093,879.3789350394245,1458.8025258183818,NaN,607.312814126672