numOfEvents ,allocated1,allocated2,allocated3,allocated4,allocated,abandoned1,abandoned2,abandoned3,abandoned4,abandoned,Arrival time1,Arrival time2,Arrival time3,Arrival time4,Arrival time,sharing1,sharing2,sharing,SW1,SW2,SW3,SW4,SWP,SWpenalty, SW,SW1 %,SW2 %, SW3 %,SW4 %,SWP %,Working,Waiting,Moving,Patrolong,Working%,Waiting%,Moving%,Patrolong%,Reallocation%,completed1,completed2,completed3,completed4,completed,working1, working2, working3, working4, working,sharing1_1,sharing1_2,sharing1_3,sharing2_1,sharing2_2,SW1_average,SW2_average,SW3_average,SW4_average
20,0.9550000000000002,0.9443333333333334,0.975,0.975,0.2995000000000005,0.003333333333333333,0.01583333333333333,0.02,0.005,0.015,7.123225997514697,9.197126265326453,8.643624679970477,7.965436354734447,10.363588005697862,0.8,0.98,0.9466666666666668,2801.382545244844,3128.607259394903,1104.9239356143735,593.1308158772865,6064.937892523242,-7.032633993147279,13692.982448654648,0.1991804935697665,0.22998043916636796,0.08205700382888242,0.04458661316131136,0.4441954502736717,16185.42480420658,0.0,3423.0705770250997,56093.03224363327,0.21423306915941356,0.0,0.045340789245269804,0.7404261415953163,1.1169900058788945E-4,0.9450000000000002,0.8580000000000001,0.9041666666666667,0.9625,0.8026666666666665,0.6208866697226016,0.8291960703958056,0.5376724827469034,0.46809743917006374,0.8791275182015841,0.15076393440892144,0.13524028302790822,0.44399578256317035,0.1929669777112949,0.7470330222887049,1341.144973642341,1272.2165952017492,650.0839374058677,384.6626909066934
40,0.9913333333333333,0.9899603174603173,0.995,0.9854999999999999,0.2965000000000003,0.010357142857142856,0.0535515873015873,0.047333333333333345,0.09333333333333334,0.044287878787878786,9.51802307566082,10.508034106350847,15.453695765740632,12.080423780799737,12.001313458522862,0.9359999999999998,0.9404365079365078,0.9451847041847041,5697.42563277682,5415.657494594051,1616.873119260259,1028.7319993523067,3909.561383724665,-38.34928909010996,17668.249629708094,0.3169423386540855,0.30735414551967194,0.09338330189269749,0.059853461955907836,0.22246675197763746,28131.34253380834,0.0,7482.3571226340055,37154.83967209781,0.3866105856988058,0.0,0.10283960585917437,0.5105498084420198,6.362773029439695E-4,0.7960714285714287,0.7598928571428568,0.8521666666666665,0.8476666666666667,0.7454393939393941,0.830353329706014,0.8483025298398101,0.6747814333583387,0.6120737523898785,0.8568099256671219,0.22091832027905356,0.1859977248123802,0.5830839549085662,0.2096321251374466,0.7703678748625533,1754.0720508179265,1299.5118807255574,836.3665373354554,498.1179170259777
60,0.970047619047619,0.9813567821067819,0.9677380952380953,0.9675833333333332,0.28066666666666706,0.03467063492063493,0.1359220779220779,0.10333333333333333,0.2357857142857143,0.12296078431372537,11.700489901711464,14.222401359552366,18.071090788460136,22.39213051056296,15.66028597812845,0.9969047619047618,0.9895670995670995,0.9928473193473194,8026.482946823425,8214.434316323715,2171.8422061561314,1243.884078872118,2393.3967143053956,-172.79843481668783,22050.040262480776,0.3610279732567456,0.37530838153382023,0.09882334806158369,0.05703741988220667,0.10780287726564422,39385.3877051128,0.0,10807.74387039033,22666.274661769545,0.540468563467271,0.0,0.14838454387184138,0.3111468926608875,0.00404583232469943,0.8114484126984125,0.7192099567099565,0.8051666666666668,0.6977857142857142,0.7185367647058822,0.8042401421841732,0.8481673003035999,0.6761349175956206,0.6295953116863393,0.8292619192260717,0.18967589449456812,0.16663114097696027,0.6336929645284717,0.190714305723851,0.8092856942761487,1795.542609585402,1320.4533046773952,845.9756755969469,537.9944479004403
80,0.9725786435786435,0.9613089410589407,0.9202936507936508,0.8821428571428569,0.27249999999999996,0.1483301698301698,0.27713933288933285,0.36643650793650795,0.4250833333333333,0.2783204020426561,13.989250872069796,19.627437839381795,23.454982953784555,31.632438130714167,20.22900563355572,0.9776150793650794,0.959300505050505,0.9679994658334438,10442.351691341284,9411.887623307144,2475.121092342568,1429.1095871261614,1307.0314190339318,-546.5617476972257,25065.50141315107,0.4169590341304298,0.37449308606765597,0.09920180401309085,0.05729400582148255,0.05205206996734112,47307.43387298915,0.0,13186.470446709884,12199.46642132849,0.6506840517078646,0.0,0.18143658890832623,0.16787935938380943,0.015623546251565585,0.7225699023199021,0.6591039516039514,0.7208571428571428,0.6079166666666669,0.6491468443836866,0.7953136820974289,0.769540901951046,0.6426251026645585,0.6104384839696825,0.7763408742955855,0.17102872524498902,0.1894097555072188,0.6395615192477921,0.21030224680916576,0.789697753190834,1808.4793382947212,1276.1124747253568,870.6070589549809,546.2296113937408
100,0.9749242701742699,0.9202069283056118,0.8374523809523805,0.7708134920634919,0.2566000000000001,0.20513361638361632,0.39186605224840526,0.4514978354978355,0.5292857142857142,0.35663643433860825,18.590121657271528,26.529567744647316,26.291865644557703,32.67866118163306,25.269574099645762,0.9853298645798647,0.9382197998080347,0.96131504920462,13156.062152908178,9858.753858566337,2169.8045066600953,1429.528575389965,811.7391292789911,-938.9016324988147,27425.888222803565,0.4788438131142283,0.35853041965781357,0.07978950309459326,0.05312835113917878,0.029707912994186517,49899.82403842372,0.0,15052.900300092395,7458.385000449292,0.689112493807899,0.0,0.2078807746442921,0.10300673154780876,0.029311561150641593,0.7149875818625816,0.5703270520329343,0.6530692640692639,0.6351309523809523,0.6085990884316973,0.775229125456892,0.7676070678919463,0.5696442068280613,0.5252546284959915,0.7585190064470084,0.16314810590142514,0.20824134665041394,0.6286105474481611,0.19620639843660923,0.8037936015633906,1772.7103012354214,1286.9459255024165,820.8350670536548,513.6482734524691numOfEvents ,allocated1,allocated2,allocated3,allocated4,allocated,abandoned1,abandoned2,abandoned3,abandoned4,abandoned,Arrival time1,Arrival time2,Arrival time3,Arrival time4,Arrival time,sharing1,sharing2,sharing,SW1,SW2,SW3,SW4,SWP,SWpenalty, SW,SW1 %,SW2 %, SW3 %,SW4 %,SWP %,Working,Waiting,Moving,Patrolong,Working%,Waiting%,Moving%,Patrolong%,Reallocation%,completed1,completed2,completed3,completed4,completed,working1, working2, working3, working4, working,sharing1_1,sharing1_2,sharing1_3,sharing2_1,sharing2_2,SW1_average,SW2_average,SW3_average,SW4_average
20,0.9508333333333333,0.9423333333333335,0.975,0.975,0.2995000000000005,0.008333333333333333,0.01583333333333333,0.02,0.005,0.016666666666666666,6.950499726729257,8.707401739325071,9.162665538021958,7.943873478427191,10.235927827040257,0.8,0.98,0.9466666666666668,2794.467685320381,3154.54249595011,1092.4530528324435,591.9321416825394,6039.531152804488,-8.218608314962495,13672.926528589956,0.19908441580156633,0.23242367172987688,0.0809525879041188,0.044646452222702665,0.4428928723417355,16190.092941088453,0.0,3419.4525324992114,56102.07809068376,0.21428383586622662,0.0,0.04526809737673165,0.7404480667570413,1.6460905349794237E-4,0.9450000000000002,0.8646666666666668,0.8958333333333336,0.9625,0.8059999999999999,0.6242639582668041,0.8306727124754701,0.5457712377751406,0.4662580426251591,0.8773866800216601,0.159875202353764,0.1241704694535451,0.45595432819269077,0.18843825090478952,0.7515617490952105,1355.2850416459632,1277.1333802751487,658.493400663049,383.833723855526
40,0.9855000000000002,0.9883333333333334,0.998,0.9904999999999999,0.2970000000000004,0.005357142857142857,0.053626984126984134,0.047333333333333345,0.0975,0.0470909090909091,9.002945224075063,10.32138265989768,14.428482080835728,12.088390077729695,11.66573862642954,0.946,0.9338968253968253,0.943982683982684,5725.579987444038,5425.459235001658,1646.054989853908,1037.1219202719353,3919.820138018682,-38.74651299770524,17754.036270590204,0.3170593039727769,0.3065649508308958,0.0942896823569921,0.059985399499911767,0.22210066333942347,28175.04448550655,0.0,7460.283702694394,37248.26677597028,0.38652900583988303,0.0,0.10241209376203414,0.5110589003980831,6.157011712567269E-4,0.7929761904761904,0.7657460317460314,0.8511666666666666,0.8434999999999998,0.7444545454545457,0.8340180152277048,0.8454434748852137,0.6803394414216382,0.6138408977539921,0.855734418317623,0.2271004673695806,0.17873830173522798,0.5841612308951913,0.20529061658565734,0.7747093834143428,1763.7923660052727,1305.5270551225922,842.6129704033142,502.4338093928706
60,0.979154761904762,0.9794006826506825,0.9799047619047618,0.96925,0.2815000000000005,0.04075396825396826,0.13093903318903316,0.13466666666666668,0.23628571428571427,0.12286764705882343,12.012913101345502,14.4248807762335,17.589904244044334,23.487605900324088,15.956006107282308,0.9954761904761906,0.9871825396825397,0.9911959151959152,8035.647833234754,8153.3226130934245,2183.2075904006783,1237.137156846352,2394.1624480616774,-171.49078930534313,22003.477641636884,0.36187664363747424,0.3732271627606651,0.09970591699007889,0.05693601184676114,0.10825426476502095,39286.57105548147,0.0,10857.833414940651,22693.960462573847,0.5393712336761977,0.0,0.1490787604197037,0.3115500059040987,0.0042560316307593,0.8048134920634922,0.7295551948051947,0.7851666666666667,0.6889523809523809,0.716580882352941,0.8087133994441928,0.847512190105446,0.6680865577803459,0.6242815453593633,0.8249346615544509,0.1903844060924052,0.1705829491574728,0.6390326447501221,0.1944382095375233,0.8055617904624764,1818.0090583783056,1318.9910078146715,841.3861000484001,533.890837289774
80,0.9757813852813852,0.9604160839160837,0.9160436507936509,0.8767261904761904,0.27199999999999996,0.14551967476967473,0.25722693972693966,0.3588809523809523,0.4365238095238094,0.2678340923950191,14.04580571210337,19.93400509616203,24.662243917608638,32.45415590641559,20.788594655735313,0.9764238816738816,0.9587488067488066,0.9673750392194661,10414.354449577591,9371.574734550102,2480.3808739308706,1440.6349166565954,1311.7272171195145,-521.564037774826,25018.672191834656,0.4164530652656642,0.3742251180147999,0.09920584205943139,0.057863293090308146,0.052252681569796476,47127.6669142792,0.0,13238.522327933393,12283.003840205121,0.6486405276540759,0.0,0.18229719298347302,0.169062279362451,0.015678117731257837,0.7124504939504936,0.6655775613275613,0.7385793650793652,0.6212142857142859,0.6526457992808108,0.7975249759834239,0.7678296531958937,0.6295574359743331,0.624448696332541,0.7781900881717982,0.1688673006870852,0.19886977461124558,0.6322629247016692,0.22346691359700963,0.7765330864029906,1812.2010933858348,1267.7558821594494,856.6331282283506,556.9639083152855
100,0.9675598013098012,0.9198761461276936,0.868738095238095,0.8056468253968252,0.25830000000000003,0.21535236985236977,0.38924010793128455,0.47249783549783536,0.5052857142857143,0.3606710264775482,18.7912751935728,27.253086990785796,23.684678512525256,32.169036769170255,25.107927046436473,0.990963813963814,0.9328671149112324,0.9603856935846936,13163.609663990645,9780.796837394742,2204.483110511594,1450.0451168817347,806.0992772535448,-956.5063916019197,27405.03400603226,0.47855890897675984,0.35691180304748893,0.08107671925073749,0.05386445070125997,0.029588118023754252,49844.872715053054,0.0,15132.351799402893,7425.76231376033,0.6884408224893199,0.0,0.20900630069266984,0.10255287681801019,0.02926625311682781,0.7116665972915971,0.5623331603037485,0.6280692640692641,0.6125357142857141,0.6048615454593719,0.7749995922842271,0.7634902853134207,0.5952922576746014,0.5608628468140897,0.7554891249589225,0.16249400271812198,0.20382392091406237,0.6336820763678157,0.2046749716497012,0.7953250283502992,1780.6350916198076,1279.2508985185611,879.5951128888505,543.4701185326007numOfEvents ,allocated1,allocated2,allocated3,allocated4,allocated,abandoned1,abandoned2,abandoned3,abandoned4,abandoned,Arrival time1,Arrival time2,Arrival time3,Arrival time4,Arrival time,sharing1,sharing2,sharing,SW1,SW2,SW3,SW4,SWP,SWpenalty, SW,SW1 %,SW2 %, SW3 %,SW4 %,SWP %,Working,Waiting,Moving,Patrolong,Working%,Waiting%,Moving%,Patrolong%,Reallocation%,completed1,completed2,completed3,completed4,completed,working1, working2, working3, working4, working,sharing1_1,sharing1_2,sharing1_3,sharing2_1,sharing2_2,SW1_average,SW2_average,SW3_average,SW4_average
20,0.0,0.0,0.0,0.0,0.0,0.0,0.0,0.0,0.0,0.0,0.0,0.0,0.0,0.0,0.0,0.0,0.0,0.0,0.0,0.0,0.0,0.0,0.0,0.0,0.0,0.0,0.0,0.0,0.0,0.0,0.0,0.0,0.0,0.0,0.0,0.0,0.0,0.0,0.0,0.0,0.0,0.0,0.0,0.0,0.0,0.0,0.0,0.0,0.0,0.0,0.0,0.0,0.0,0.0,0.0,0.0,0.0,0.0
40,0.0,0.0,0.0,0.0,0.0,0.0,0.0,0.0,0.0,0.0,0.0,0.0,0.0,0.0,0.0,0.0,0.0,0.0,0.0,0.0,0.0,0.0,0.0,0.0,0.0,0.0,0.0,0.0,0.0,0.0,0.0,0.0,0.0,0.0,0.0,0.0,0.0,0.0,0.0,0.0,0.0,0.0,0.0,0.0,0.0,0.0,0.0,0.0,0.0,0.0,0.0,0.0,0.0,0.0,0.0,0.0,0.0,0.0
60,0.0,0.0,0.0,0.0,0.0,0.0,0.0,0.0,0.0,0.0,0.0,0.0,0.0,0.0,0.0,0.0,0.0,0.0,0.0,0.0,0.0,0.0,0.0,0.0,0.0,0.0,0.0,0.0,0.0,0.0,0.0,0.0,0.0,0.0,0.0,0.0,0.0,0.0,0.0,0.0,0.0,0.0,0.0,0.0,0.0,0.0,0.0,0.0,0.0,0.0,0.0,0.0,0.0,0.0,0.0,0.0,0.0,0.0
80,0.0,0.0,0.0,0.0,0.0,0.0,0.0,0.0,0.0,0.0,0.0,0.0,0.0,0.0,0.0,0.0,0.0,0.0,0.0,0.0,0.0,0.0,0.0,0.0,0.0,0.0,0.0,0.0,0.0,0.0,0.0,0.0,0.0,0.0,0.0,0.0,0.0,0.0,0.0,0.0,0.0,0.0,0.0,0.0,0.0,0.0,0.0,0.0,0.0,0.0,0.0,0.0,0.0,0.0,0.0,0.0,0.0,0.0
100,0.0,0.0,0.0,0.0,0.0,0.0,0.0,0.0,0.0,0.0,0.0,0.0,0.0,0.0,0.0,0.0,0.0,0.0,0.0,0.0,0.0,0.0,0.0,0.0,0.0,0.0,0.0,0.0,0.0,0.0,0.0,0.0,0.0,0.0,0.0,0.0,0.0,0.0,0.0,0.0,0.0,0.0,0.0,0.0,0.0,0.0,0.0,0.0,0.0,0.0,0.0,0.0,0.0,0.0,0.0,0.0,0.0,0.0numOfEvents ,allocated1,allocated2,allocated3,allocated4,allocated,abandoned1,abandoned2,abandoned3,abandoned4,abandoned,Arrival time1,Arrival time2,Arrival time3,Arrival time4,Arrival time,sharing1,sharing2,sharing,SW1,SW2,SW3,SW4,SWP,SWpenalty, SW,SW1 %,SW2 %, SW3 %,SW4 %,SWP %,Working,Waiting,Moving,Patrolong,Working%,Waiting%,Moving%,Patrolong%,Reallocation%,completed1,completed2,completed3,completed4,completed,working1, working2, working3, working4, working,sharing1_1,sharing1_2,sharing1_3,sharing2_1,sharing2_2,SW1_average,SW2_average,SW3_average,SW4_average
20,0.0,0.0,0.0,0.0,0.0,0.0,0.0,0.0,0.0,0.0,0.0,0.0,0.0,0.0,0.0,0.0,0.0,0.0,0.0,0.0,0.0,0.0,0.0,0.0,0.0,0.0,0.0,0.0,0.0,0.0,0.0,0.0,0.0,0.0,0.0,0.0,0.0,0.0,0.0,0.0,0.0,0.0,0.0,0.0,0.0,0.0,0.0,0.0,0.0,0.0,0.0,0.0,0.0,0.0,0.0,0.0,0.0,0.0
40,0.0,0.0,0.0,0.0,0.0,0.0,0.0,0.0,0.0,0.0,0.0,0.0,0.0,0.0,0.0,0.0,0.0,0.0,0.0,0.0,0.0,0.0,0.0,0.0,0.0,0.0,0.0,0.0,0.0,0.0,0.0,0.0,0.0,0.0,0.0,0.0,0.0,0.0,0.0,0.0,0.0,0.0,0.0,0.0,0.0,0.0,0.0,0.0,0.0,0.0,0.0,0.0,0.0,0.0,0.0,0.0,0.0,0.0
60,0.0,0.0,0.0,0.0,0.0,0.0,0.0,0.0,0.0,0.0,0.0,0.0,0.0,0.0,0.0,0.0,0.0,0.0,0.0,0.0,0.0,0.0,0.0,0.0,0.0,0.0,0.0,0.0,0.0,0.0,0.0,0.0,0.0,0.0,0.0,0.0,0.0,0.0,0.0,0.0,0.0,0.0,0.0,0.0,0.0,0.0,0.0,0.0,0.0,0.0,0.0,0.0,0.0,0.0,0.0,0.0,0.0,0.0
80,0.0,0.0,0.0,0.0,0.0,0.0,0.0,0.0,0.0,0.0,0.0,0.0,0.0,0.0,0.0,0.0,0.0,0.0,0.0,0.0,0.0,0.0,0.0,0.0,0.0,0.0,0.0,0.0,0.0,0.0,0.0,0.0,0.0,0.0,0.0,0.0,0.0,0.0,0.0,0.0,0.0,0.0,0.0,0.0,0.0,0.0,0.0,0.0,0.0,0.0,0.0,0.0,0.0,0.0,0.0,0.0,0.0,0.0
100,0.0,0.0,0.0,0.0,0.0,0.0,0.0,0.0,0.0,0.0,0.0,0.0,0.0,0.0,0.0,0.0,0.0,0.0,0.0,0.0,0.0,0.0,0.0,0.0,0.0,0.0,0.0,0.0,0.0,0.0,0.0,0.0,0.0,0.0,0.0,0.0,0.0,0.0,0.0,0.0,0.0,0.0,0.0,0.0,0.0,0.0,0.0,0.0,0.0,0.0,0.0,0.0,0.0,0.0,0.0,0.0,0.0,0.0numOfEvents ,allocated1,allocated2,allocated3,allocated4,allocated,abandoned1,abandoned2,abandoned3,abandoned4,abandoned,Arrival time1,Arrival time2,Arrival time3,Arrival time4,Arrival time,sharing1,sharing2,sharing,SW1,SW2,SW3,SW4,SWP,SWpenalty, SW,SW1 %,SW2 %, SW3 %,SW4 %,SWP %,Working,Waiting,Moving,Patrolong,Working%,Waiting%,Moving%,Patrolong%,Reallocation%,completed1,completed2,completed3,completed4,completed,working1, working2, working3, working4, working,sharing1_1,sharing1_2,sharing1_3,sharing2_1,sharing2_2,SW1_average,SW2_average,SW3_average,SW4_average
20,0.0,0.0,0.0,0.0,0.0,0.0,0.0,0.0,0.0,0.0,0.0,0.0,0.0,0.0,0.0,0.0,0.0,0.0,0.0,0.0,0.0,0.0,0.0,0.0,0.0,0.0,0.0,0.0,0.0,0.0,0.0,0.0,0.0,0.0,0.0,0.0,0.0,0.0,0.0,0.0,0.0,0.0,0.0,0.0,0.0,0.0,0.0,0.0,0.0,0.0,0.0,0.0,0.0,0.0,0.0,0.0,0.0,0.0
40,0.0,0.0,0.0,0.0,0.0,0.0,0.0,0.0,0.0,0.0,0.0,0.0,0.0,0.0,0.0,0.0,0.0,0.0,0.0,0.0,0.0,0.0,0.0,0.0,0.0,0.0,0.0,0.0,0.0,0.0,0.0,0.0,0.0,0.0,0.0,0.0,0.0,0.0,0.0,0.0,0.0,0.0,0.0,0.0,0.0,0.0,0.0,0.0,0.0,0.0,0.0,0.0,0.0,0.0,0.0,0.0,0.0,0.0
60,0.0,0.0,0.0,0.0,0.0,0.0,0.0,0.0,0.0,0.0,0.0,0.0,0.0,0.0,0.0,0.0,0.0,0.0,0.0,0.0,0.0,0.0,0.0,0.0,0.0,0.0,0.0,0.0,0.0,0.0,0.0,0.0,0.0,0.0,0.0,0.0,0.0,0.0,0.0,0.0,0.0,0.0,0.0,0.0,0.0,0.0,0.0,0.0,0.0,0.0,0.0,0.0,0.0,0.0,0.0,0.0,0.0,0.0
80,0.0,0.0,0.0,0.0,0.0,0.0,0.0,0.0,0.0,0.0,0.0,0.0,0.0,0.0,0.0,0.0,0.0,0.0,0.0,0.0,0.0,0.0,0.0,0.0,0.0,0.0,0.0,0.0,0.0,0.0,0.0,0.0,0.0,0.0,0.0,0.0,0.0,0.0,0.0,0.0,0.0,0.0,0.0,0.0,0.0,0.0,0.0,0.0,0.0,0.0,0.0,0.0,0.0,0.0,0.0,0.0,0.0,0.0
100,0.0,0.0,0.0,0.0,0.0,0.0,0.0,0.0,0.0,0.0,0.0,0.0,0.0,0.0,0.0,0.0,0.0,0.0,0.0,0.0,0.0,0.0,0.0,0.0,0.0,0.0,0.0,0.0,0.0,0.0,0.0,0.0,0.0,0.0,0.0,0.0,0.0,0.0,0.0,0.0,0.0,0.0,0.0,0.0,0.0,0.0,0.0,0.0,0.0,0.0,0.0,0.0,0.0,0.0,0.0,0.0,0.0,0.0numOfEvents ,allocated1,allocated2,allocated3,allocated4,allocated,abandoned1,abandoned2,abandoned3,abandoned4,abandoned,Arrival time1,Arrival time2,Arrival time3,Arrival time4,Arrival time,sharing1,sharing2,sharing,SW1,SW2,SW3,SW4,SWP,SWpenalty, SW,SW1 %,SW2 %, SW3 %,SW4 %,SWP %,Working,Waiting,Moving,Patrolong,Working%,Waiting%,Moving%,Patrolong%,Reallocation%,completed1,completed2,completed3,completed4,completed,working1, working2, working3, working4, working,sharing1_1,sharing1_2,sharing1_3,sharing2_1,sharing2_2,SW1_average,SW2_average,SW3_average,SW4_average
20,0.0,0.0,0.0,0.0,0.0,0.0,0.0,0.0,0.0,0.0,0.0,0.0,0.0,0.0,0.0,0.0,0.0,0.0,0.0,0.0,0.0,0.0,0.0,0.0,0.0,0.0,0.0,0.0,0.0,0.0,0.0,0.0,0.0,0.0,0.0,0.0,0.0,0.0,0.0,0.0,0.0,0.0,0.0,0.0,0.0,0.0,0.0,0.0,0.0,0.0,0.0,0.0,0.0,0.0,0.0,0.0,0.0,0.0
40,0.0,0.0,0.0,0.0,0.0,0.0,0.0,0.0,0.0,0.0,0.0,0.0,0.0,0.0,0.0,0.0,0.0,0.0,0.0,0.0,0.0,0.0,0.0,0.0,0.0,0.0,0.0,0.0,0.0,0.0,0.0,0.0,0.0,0.0,0.0,0.0,0.0,0.0,0.0,0.0,0.0,0.0,0.0,0.0,0.0,0.0,0.0,0.0,0.0,0.0,0.0,0.0,0.0,0.0,0.0,0.0,0.0,0.0
60,0.0,0.0,0.0,0.0,0.0,0.0,0.0,0.0,0.0,0.0,0.0,0.0,0.0,0.0,0.0,0.0,0.0,0.0,0.0,0.0,0.0,0.0,0.0,0.0,0.0,0.0,0.0,0.0,0.0,0.0,0.0,0.0,0.0,0.0,0.0,0.0,0.0,0.0,0.0,0.0,0.0,0.0,0.0,0.0,0.0,0.0,0.0,0.0,0.0,0.0,0.0,0.0,0.0,0.0,0.0,0.0,0.0,0.0
80,0.0,0.0,0.0,0.0,0.0,0.0,0.0,0.0,0.0,0.0,0.0,0.0,0.0,0.0,0.0,0.0,0.0,0.0,0.0,0.0,0.0,0.0,0.0,0.0,0.0,0.0,0.0,0.0,0.0,0.0,0.0,0.0,0.0,0.0,0.0,0.0,0.0,0.0,0.0,0.0,0.0,0.0,0.0,0.0,0.0,0.0,0.0,0.0,0.0,0.0,0.0,0.0,0.0,0.0,0.0,0.0,0.0,0.0
100,0.0,0.0,0.0,0.0,0.0,0.0,0.0,0.0,0.0,0.0,0.0,0.0,0.0,0.0,0.0,0.0,0.0,0.0,0.0,0.0,0.0,0.0,0.0,0.0,0.0,0.0,0.0,0.0,0.0,0.0,0.0,0.0,0.0,0.0,0.0,0.0,0.0,0.0,0.0,0.0,0.0,0.0,0.0,0.0,0.0,0.0,0.0,0.0,0.0,0.0,0.0,0.0,0.0,0.0,0.0,0.0,0.0,0.0numOfEvents ,allocated1,allocated2,allocated3,allocated4,allocated,abandoned1,abandoned2,abandoned3,abandoned4,abandoned,Arrival time1,Arrival time2,Arrival time3,Arrival time4,Arrival time,sharing1,sharing2,sharing,SW1,SW2,SW3,SW4,SWP,SWpenalty, SW,SW1 %,SW2 %, SW3 %,SW4 %,SWP %,Working,Waiting,Moving,Patrolong,Working%,Waiting%,Moving%,Patrolong%,Reallocation%,completed1,completed2,completed3,completed4,completed,working1, working2, working3, working4, working,sharing1_1,sharing1_2,sharing1_3,sharing2_1,sharing2_2,SW1_average,SW2_average,SW3_average,SW4_average
20,0.0,0.0,0.0,0.0,0.0,0.0,0.0,0.0,0.0,0.0,0.0,0.0,0.0,0.0,0.0,0.0,0.0,0.0,0.0,0.0,0.0,0.0,0.0,0.0,0.0,0.0,0.0,0.0,0.0,0.0,0.0,0.0,0.0,0.0,0.0,0.0,0.0,0.0,0.0,0.0,0.0,0.0,0.0,0.0,0.0,0.0,0.0,0.0,0.0,0.0,0.0,0.0,0.0,0.0,0.0,0.0,0.0,0.0
40,0.0,0.0,0.0,0.0,0.0,0.0,0.0,0.0,0.0,0.0,0.0,0.0,0.0,0.0,0.0,0.0,0.0,0.0,0.0,0.0,0.0,0.0,0.0,0.0,0.0,0.0,0.0,0.0,0.0,0.0,0.0,0.0,0.0,0.0,0.0,0.0,0.0,0.0,0.0,0.0,0.0,0.0,0.0,0.0,0.0,0.0,0.0,0.0,0.0,0.0,0.0,0.0,0.0,0.0,0.0,0.0,0.0,0.0
60,0.0,0.0,0.0,0.0,0.0,0.0,0.0,0.0,0.0,0.0,0.0,0.0,0.0,0.0,0.0,0.0,0.0,0.0,0.0,0.0,0.0,0.0,0.0,0.0,0.0,0.0,0.0,0.0,0.0,0.0,0.0,0.0,0.0,0.0,0.0,0.0,0.0,0.0,0.0,0.0,0.0,0.0,0.0,0.0,0.0,0.0,0.0,0.0,0.0,0.0,0.0,0.0,0.0,0.0,0.0,0.0,0.0,0.0
80,0.0,0.0,0.0,0.0,0.0,0.0,0.0,0.0,0.0,0.0,0.0,0.0,0.0,0.0,0.0,0.0,0.0,0.0,0.0,0.0,0.0,0.0,0.0,0.0,0.0,0.0,0.0,0.0,0.0,0.0,0.0,0.0,0.0,0.0,0.0,0.0,0.0,0.0,0.0,0.0,0.0,0.0,0.0,0.0,0.0,0.0,0.0,0.0,0.0,0.0,0.0,0.0,0.0,0.0,0.0,0.0,0.0,0.0
100,0.0,0.0,0.0,0.0,0.0,0.0,0.0,0.0,0.0,0.0,0.0,0.0,0.0,0.0,0.0,0.0,0.0,0.0,0.0,0.0,0.0,0.0,0.0,0.0,0.0,0.0,0.0,0.0,0.0,0.0,0.0,0.0,0.0,0.0,0.0,0.0,0.0,0.0,0.0,0.0,0.0,0.0,0.0,0.0,0.0,0.0,0.0,0.0,0.0,0.0,0.0,0.0,0.0,0.0,0.0,0.0,0.0,0.0numOfEvents ,allocated1,allocated2,allocated3,allocated4,allocated,abandoned1,abandoned2,abandoned3,abandoned4,abandoned,Arrival time1,Arrival time2,Arrival time3,Arrival time4,Arrival time,sharing1,sharing2,sharing,SW1,SW2,SW3,SW4,SWP,SWpenalty, SW,SW1 %,SW2 %, SW3 %,SW4 %,SWP %,Working,Waiting,Moving,Patrolong,Working%,Waiting%,Moving%,Patrolong%,Reallocation%,completed1,completed2,completed3,completed4,completed,working1, working2, working3, working4, working,sharing1_1,sharing1_2,sharing1_3,sharing2_1,sharing2_2,SW1_average,SW2_average,SW3_average,SW4_average
20,0.0,0.0,0.0,0.0,0.0,0.0,0.0,0.0,0.0,0.0,0.0,0.0,0.0,0.0,0.0,0.0,0.0,0.0,0.0,0.0,0.0,0.0,0.0,0.0,0.0,0.0,0.0,0.0,0.0,0.0,0.0,0.0,0.0,0.0,0.0,0.0,0.0,0.0,0.0,0.0,0.0,0.0,0.0,0.0,0.0,0.0,0.0,0.0,0.0,0.0,0.0,0.0,0.0,0.0,0.0,0.0,0.0,0.0
40,0.0,0.0,0.0,0.0,0.0,0.0,0.0,0.0,0.0,0.0,0.0,0.0,0.0,0.0,0.0,0.0,0.0,0.0,0.0,0.0,0.0,0.0,0.0,0.0,0.0,0.0,0.0,0.0,0.0,0.0,0.0,0.0,0.0,0.0,0.0,0.0,0.0,0.0,0.0,0.0,0.0,0.0,0.0,0.0,0.0,0.0,0.0,0.0,0.0,0.0,0.0,0.0,0.0,0.0,0.0,0.0,0.0,0.0
60,0.0,0.0,0.0,0.0,0.0,0.0,0.0,0.0,0.0,0.0,0.0,0.0,0.0,0.0,0.0,0.0,0.0,0.0,0.0,0.0,0.0,0.0,0.0,0.0,0.0,0.0,0.0,0.0,0.0,0.0,0.0,0.0,0.0,0.0,0.0,0.0,0.0,0.0,0.0,0.0,0.0,0.0,0.0,0.0,0.0,0.0,0.0,0.0,0.0,0.0,0.0,0.0,0.0,0.0,0.0,0.0,0.0,0.0
80,0.0,0.0,0.0,0.0,0.0,0.0,0.0,0.0,0.0,0.0,0.0,0.0,0.0,0.0,0.0,0.0,0.0,0.0,0.0,0.0,0.0,0.0,0.0,0.0,0.0,0.0,0.0,0.0,0.0,0.0,0.0,0.0,0.0,0.0,0.0,0.0,0.0,0.0,0.0,0.0,0.0,0.0,0.0,0.0,0.0,0.0,0.0,0.0,0.0,0.0,0.0,0.0,0.0,0.0,0.0,0.0,0.0,0.0
100,0.0,0.0,0.0,0.0,0.0,0.0,0.0,0.0,0.0,0.0,0.0,0.0,0.0,0.0,0.0,0.0,0.0,0.0,0.0,0.0,0.0,0.0,0.0,0.0,0.0,0.0,0.0,0.0,0.0,0.0,0.0,0.0,0.0,0.0,0.0,0.0,0.0,0.0,0.0,0.0,0.0,0.0,0.0,0.0,0.0,0.0,0.0,0.0,0.0,0.0,0.0,0.0,0.0,0.0,0.0,0.0,0.0,0.0numOfEvents ,allocated1,allocated2,allocated3,allocated4,allocated,abandoned1,abandoned2,abandoned3,abandoned4,abandoned,Arrival time1,Arrival time2,Arrival time3,Arrival time4,Arrival time,sharing1,sharing2,sharing,SW1,SW2,SW3,SW4,SWP,SWpenalty, SW,SW1 %,SW2 %, SW3 %,SW4 %,SWP %,Working,Waiting,Moving,Patrolong,Working%,Waiting%,Moving%,Patrolong%,Reallocation%,completed1,completed2,completed3,completed4,completed,working1, working2, working3, working4, working,sharing1_1,sharing1_2,sharing1_3,sharing2_1,sharing2_2,SW1_average,SW2_average,SW3_average,SW4_averagenumOfEvents ,allocated1,allocated2,allocated3,allocated4,allocated,abandoned1,abandoned2,abandoned3,abandoned4,abandoned,Arrival time1,Arrival time2,Arrival time3,Arrival time4,Arrival time,sharing1,sharing2,sharing,SW1,SW2,SW3,SW4,SWP,SWpenalty, SW,SW1 %,SW2 %, SW3 %,SW4 %,SWP %,Working,Waiting,Moving,Patrolong,Working%,Waiting%,Moving%,Patrolong%,Reallocation%,completed1,completed2,completed3,completed4,completed,working1, working2, working3, working4, working,sharing1_1,sharing1_2,sharing1_3,sharing2_1,sharing2_2,SW1_average,SW2_average,SW3_average,SW4_averagenumOfEvents ,allocated1,allocated2,allocated3,allocated4,allocated,abandoned1,abandoned2,abandoned3,abandoned4,abandoned,Arrival time1,Arrival time2,Arrival time3,Arrival time4,Arrival time,sharing1,sharing2,sharing,SW1,SW2,SW3,SW4,SWP,SWpenalty, SW,SW1 %,SW2 %, SW3 %,SW4 %,SWP %,Working,Waiting,Moving,Patrolong,Working%,Waiting%,Moving%,Patrolong%,Reallocation%,completed1,completed2,completed3,completed4,completed,working1, working2, working3, working4, working,sharing1_1,sharing1_2,sharing1_3,sharing2_1,sharing2_2,SW1_average,SW2_average,SW3_average,SW4_average
20,0.0,0.0,0.0,0.0,0.0,0.0,0.0,0.0,0.0,0.0,0.0,0.0,0.0,0.0,0.0,0.0,0.0,0.0,0.0,0.0,0.0,0.0,0.0,0.0,0.0,0.0,0.0,0.0,0.0,0.0,0.0,0.0,0.0,0.0,0.0,0.0,0.0,0.0,0.0,0.0,0.0,0.0,0.0,0.0,0.0,0.0,0.0,0.0,0.0,0.0,0.0,0.0,0.0,0.0,0.0,0.0,0.0,0.0
40,0.0,0.0,0.0,0.0,0.0,0.0,0.0,0.0,0.0,0.0,0.0,0.0,0.0,0.0,0.0,0.0,0.0,0.0,0.0,0.0,0.0,0.0,0.0,0.0,0.0,0.0,0.0,0.0,0.0,0.0,0.0,0.0,0.0,0.0,0.0,0.0,0.0,0.0,0.0,0.0,0.0,0.0,0.0,0.0,0.0,0.0,0.0,0.0,0.0,0.0,0.0,0.0,0.0,0.0,0.0,0.0,0.0,0.0
60,0.0,0.0,0.0,0.0,0.0,0.0,0.0,0.0,0.0,0.0,0.0,0.0,0.0,0.0,0.0,0.0,0.0,0.0,0.0,0.0,0.0,0.0,0.0,0.0,0.0,0.0,0.0,0.0,0.0,0.0,0.0,0.0,0.0,0.0,0.0,0.0,0.0,0.0,0.0,0.0,0.0,0.0,0.0,0.0,0.0,0.0,0.0,0.0,0.0,0.0,0.0,0.0,0.0,0.0,0.0,0.0,0.0,0.0
80,0.0,0.0,0.0,0.0,0.0,0.0,0.0,0.0,0.0,0.0,0.0,0.0,0.0,0.0,0.0,0.0,0.0,0.0,0.0,0.0,0.0,0.0,0.0,0.0,0.0,0.0,0.0,0.0,0.0,0.0,0.0,0.0,0.0,0.0,0.0,0.0,0.0,0.0,0.0,0.0,0.0,0.0,0.0,0.0,0.0,0.0,0.0,0.0,0.0,0.0,0.0,0.0,0.0,0.0,0.0,0.0,0.0,0.0
100,0.0,0.0,0.0,0.0,0.0,0.0,0.0,0.0,0.0,0.0,0.0,0.0,0.0,0.0,0.0,0.0,0.0,0.0,0.0,0.0,0.0,0.0,0.0,0.0,0.0,0.0,0.0,0.0,0.0,0.0,0.0,0.0,0.0,0.0,0.0,0.0,0.0,0.0,0.0,0.0,0.0,0.0,0.0,0.0,0.0,0.0,0.0,0.0,0.0,0.0,0.0,0.0,0.0,0.0,0.0,0.0,0.0,0.0numOfEvents ,allocated1,allocated2,allocated3,allocated4,allocated,abandoned1,abandoned2,abandoned3,abandoned4,abandoned,Arrival time1,Arrival time2,Arrival time3,Arrival time4,Arrival time,sharing1,sharing2,sharing,SW1,SW2,SW3,SW4,SWP,SWpenalty, SW,SW1 %,SW2 %, SW3 %,SW4 %,SWP %,Working,Waiting,Moving,Patrolong,Working%,Waiting%,Moving%,Patrolong%,Reallocation%,completed1,completed2,completed3,completed4,completed,working1, working2, working3, working4, working,sharing1_1,sharing1_2,sharing1_3,sharing2_1,sharing2_2,SW1_average,SW2_average,SW3_average,SW4_averagenumOfEvents ,allocated1,allocated2,allocated3,allocated4,allocated,abandoned1,abandoned2,abandoned3,abandoned4,abandoned,Arrival time1,Arrival time2,Arrival time3,Arrival time4,Arrival time,sharing1,sharing2,sharing,SW1,SW2,SW3,SW4,SWP,SWpenalty, SW,SW1 %,SW2 %, SW3 %,SW4 %,SWP %,Working,Waiting,Moving,Patrolong,Working%,Waiting%,Moving%,Patrolong%,Reallocation%,completed1,completed2,completed3,completed4,completed,working1, working2, working3, working4, working,sharing1_1,sharing1_2,sharing1_3,sharing2_1,sharing2_2,SW1_average,SW2_average,SW3_average,SW4_averagenumOfEvents ,allocated1,allocated2,allocated3,allocated4,allocated,abandoned1,abandoned2,abandoned3,abandoned4,abandoned,Arrival time1,Arrival time2,Arrival time3,Arrival time4,Arrival time,sharing1,sharing2,sharing,SW1,SW2,SW3,SW4,SWP,SWpenalty, SW,SW1 %,SW2 %, SW3 %,SW4 %,SWP %,Working,Waiting,Moving,Patrolong,Working%,Waiting%,Moving%,Patrolong%,Reallocation%,completed1,completed2,completed3,completed4,completed,working1, working2, working3, working4, working,sharing1_1,sharing1_2,sharing1_3,sharing2_1,sharing2_2,SW1_average,SW2_average,SW3_average,SW4_averagenumOfEvents ,allocated1,allocated2,allocated3,allocated4,allocated,abandoned1,abandoned2,abandoned3,abandoned4,abandoned,Arrival time1,Arrival time2,Arrival time3,Arrival time4,Arrival time,sharing1,sharing2,sharing,SW1,SW2,SW3,SW4,SWP,SWpenalty, SW,SW1 %,SW2 %, SW3 %,SW4 %,SWP %,Working,Waiting,Moving,Patrolong,Working%,Waiting%,Moving%,Patrolong%,Reallocation%,completed1,completed2,completed3,completed4,completed,working1, working2, working3, working4, working,sharing1_1,sharing1_2,sharing1_3,sharing2_1,sharing2_2,SW1_average,SW2_average,SW3_average,SW4_average
20,1.0,1.0,1.0,1.0,0.0,0.0,0.0,0.0,0.0,NaN,0.0,0.0,0.0,0.0,NaN,0.0,0.0,0.0,0.0,0.0,0.0,0.0,0.0,0.0,0.0,NaN,NaN,NaN,NaN,NaN,0.0,0.0,0.0,0.0,NaN,NaN,NaN,NaN,NaN,1.0,1.0,1.0,1.0,NaN,0.0,0.0,0.0,0.0,NaN,0.0,0.0,0.0,0.0,0.0,1.0,1.0,1.0,1.0
40,1.0,1.0,1.0,1.0,0.0,0.0,0.0,0.0,0.0,NaN,0.0,0.0,0.0,0.0,NaN,0.0,0.0,0.0,0.0,0.0,0.0,0.0,0.0,0.0,0.0,NaN,NaN,NaN,NaN,NaN,0.0,0.0,0.0,0.0,NaN,NaN,NaN,NaN,NaN,1.0,1.0,1.0,1.0,NaN,0.0,0.0,0.0,0.0,NaN,0.0,0.0,0.0,0.0,0.0,1.0,1.0,1.0,1.0
60,1.0,1.0,1.0,1.0,0.0,0.0,0.0,0.0,0.0,NaN,0.0,0.0,0.0,0.0,NaN,0.0,0.0,0.0,0.0,0.0,0.0,0.0,0.0,0.0,0.0,NaN,NaN,NaN,NaN,NaN,0.0,0.0,0.0,0.0,NaN,NaN,NaN,NaN,NaN,1.0,1.0,1.0,1.0,NaN,0.0,0.0,0.0,0.0,NaN,0.0,0.0,0.0,0.0,0.0,1.0,1.0,1.0,1.0
80,1.0,1.0,1.0,1.0,0.0,0.0,0.0,0.0,0.0,NaN,0.0,0.0,0.0,0.0,NaN,0.0,0.0,0.0,0.0,0.0,0.0,0.0,0.0,0.0,0.0,NaN,NaN,NaN,NaN,NaN,0.0,0.0,0.0,0.0,NaN,NaN,NaN,NaN,NaN,1.0,1.0,1.0,1.0,NaN,0.0,0.0,0.0,0.0,NaN,0.0,0.0,0.0,0.0,0.0,1.0,1.0,1.0,1.0
100,1.0,1.0,1.0,1.0,0.0,0.0,0.0,0.0,0.0,NaN,0.0,0.0,0.0,0.0,NaN,0.0,0.0,0.0,0.0,0.0,0.0,0.0,0.0,0.0,0.0,NaN,NaN,NaN,NaN,NaN,0.0,0.0,0.0,0.0,NaN,NaN,NaN,NaN,NaN,1.0,1.0,1.0,1.0,NaN,0.0,0.0,0.0,0.0,NaN,0.0,0.0,0.0,0.0,0.0,1.0,1.0,1.0,1.0numOfEvents ,allocated1,allocated2,allocated3,allocated4,allocated,abandoned1,abandoned2,abandoned3,abandoned4,abandoned,Arrival time1,Arrival time2,Arrival time3,Arrival time4,Arrival time,sharing1,sharing2,sharing,SW1,SW2,SW3,SW4,SWP,SWpenalty, SW,SW1 %,SW2 %, SW3 %,SW4 %,SWP %,Working,Waiting,Moving,Patrolong,Working%,Waiting%,Moving%,Patrolong%,Reallocation%,completed1,completed2,completed3,completed4,completed,working1, working2, working3, working4, working,sharing1_1,sharing1_2,sharing1_3,sharing2_1,sharing2_2,SW1_average,SW2_average,SW3_average,SW4_average
20,1.0,1.0,1.0,1.0,0.0,0.0,0.0,0.0,0.0,NaN,0.0,0.0,0.0,0.0,NaN,0.0,0.0,0.0,0.0,0.0,0.0,0.0,0.0,0.0,0.0,NaN,NaN,NaN,NaN,NaN,0.0,0.0,0.0,0.0,NaN,NaN,NaN,NaN,NaN,1.0,1.0,1.0,1.0,NaN,0.0,0.0,0.0,0.0,NaN,0.0,0.0,0.0,0.0,0.0,1.0,1.0,1.0,1.0
40,1.0,1.0,1.0,1.0,0.0,0.0,0.0,0.0,0.0,NaN,0.0,0.0,0.0,0.0,NaN,0.0,0.0,0.0,0.0,0.0,0.0,0.0,0.0,0.0,0.0,NaN,NaN,NaN,NaN,NaN,0.0,0.0,0.0,0.0,NaN,NaN,NaN,NaN,NaN,1.0,1.0,1.0,1.0,NaN,0.0,0.0,0.0,0.0,NaN,0.0,0.0,0.0,0.0,0.0,1.0,1.0,1.0,1.0
60,1.0,1.0,1.0,1.0,0.0,0.0,0.0,0.0,0.0,NaN,0.0,0.0,0.0,0.0,NaN,0.0,0.0,0.0,0.0,0.0,0.0,0.0,0.0,0.0,0.0,NaN,NaN,NaN,NaN,NaN,0.0,0.0,0.0,0.0,NaN,NaN,NaN,NaN,NaN,1.0,1.0,1.0,1.0,NaN,0.0,0.0,0.0,0.0,NaN,0.0,0.0,0.0,0.0,0.0,1.0,1.0,1.0,1.0numOfEvents ,allocated1,allocated2,allocated3,allocated4,allocated,abandoned1,abandoned2,abandoned3,abandoned4,abandoned,Arrival time1,Arrival time2,Arrival time3,Arrival time4,Arrival time,sharing1,sharing2,sharing,SW1,SW2,SW3,SW4,SWP,SWpenalty, SW,SW1 %,SW2 %, SW3 %,SW4 %,SWP %,Working,Waiting,Moving,Patrolong,Working%,Waiting%,Moving%,Patrolong%,Reallocation%,completed1,completed2,completed3,completed4,completed,working1, working2, working3, working4, working,sharing1_1,sharing1_2,sharing1_3,sharing2_1,sharing2_2,SW1_average,SW2_average,SW3_average,SW4_average
20,0.0,0.0,0.0,0.0,0.0,0.0,0.0,0.0,0.0,0.0,0.0,0.0,0.0,0.0,0.0,0.0,0.0,0.0,0.0,0.0,0.0,0.0,0.0,0.0,0.0,0.0,0.0,0.0,0.0,0.0,0.0,0.0,0.0,0.0,0.0,0.0,0.0,0.0,0.0,0.0,0.0,0.0,0.0,0.0,0.0,0.0,0.0,0.0,0.0,0.0,0.0,0.0,0.0,0.0,0.0,0.0,0.0,0.0
40,0.0,0.0,0.0,0.0,0.0,0.0,0.0,0.0,0.0,0.0,0.0,0.0,0.0,0.0,0.0,0.0,0.0,0.0,0.0,0.0,0.0,0.0,0.0,0.0,0.0,0.0,0.0,0.0,0.0,0.0,0.0,0.0,0.0,0.0,0.0,0.0,0.0,0.0,0.0,0.0,0.0,0.0,0.0,0.0,0.0,0.0,0.0,0.0,0.0,0.0,0.0,0.0,0.0,0.0,0.0,0.0,0.0,0.0
60,0.0,0.0,0.0,0.0,0.0,0.0,0.0,0.0,0.0,0.0,0.0,0.0,0.0,0.0,0.0,0.0,0.0,0.0,0.0,0.0,0.0,0.0,0.0,0.0,0.0,0.0,0.0,0.0,0.0,0.0,0.0,0.0,0.0,0.0,0.0,0.0,0.0,0.0,0.0,0.0,0.0,0.0,0.0,0.0,0.0,0.0,0.0,0.0,0.0,0.0,0.0,0.0,0.0,0.0,0.0,0.0,0.0,0.0
80,0.0,0.0,0.0,0.0,0.0,0.0,0.0,0.0,0.0,0.0,0.0,0.0,0.0,0.0,0.0,0.0,0.0,0.0,0.0,0.0,0.0,0.0,0.0,0.0,0.0,0.0,0.0,0.0,0.0,0.0,0.0,0.0,0.0,0.0,0.0,0.0,0.0,0.0,0.0,0.0,0.0,0.0,0.0,0.0,0.0,0.0,0.0,0.0,0.0,0.0,0.0,0.0,0.0,0.0,0.0,0.0,0.0,0.0
100,0.0,0.0,0.0,0.0,0.0,0.0,0.0,0.0,0.0,0.0,0.0,0.0,0.0,0.0,0.0,0.0,0.0,0.0,0.0,0.0,0.0,0.0,0.0,0.0,0.0,0.0,0.0,0.0,0.0,0.0,0.0,0.0,0.0,0.0,0.0,0.0,0.0,0.0,0.0,0.0,0.0,0.0,0.0,0.0,0.0,0.0,0.0,0.0,0.0,0.0,0.0,0.0,0.0,0.0,0.0,0.0,0.0,0.0numOfEvents ,allocated1,allocated2,allocated3,allocated4,allocated,abandoned1,abandoned2,abandoned3,abandoned4,abandoned,Arrival time1,Arrival time2,Arrival time3,Arrival time4,Arrival time,sharing1,sharing2,sharing,SW1,SW2,SW3,SW4,SWP,SWpenalty, SW,SW1 %,SW2 %, SW3 %,SW4 %,SWP %,Working,Waiting,Moving,Patrolong,Working%,Waiting%,Moving%,Patrolong%,Reallocation%,completed1,completed2,completed3,completed4,completed,working1, working2, working3, working4, working,sharing1_1,sharing1_2,sharing1_3,sharing2_1,sharing2_2,SW1_average,SW2_average,SW3_average,SW4_averagenumOfEvents ,allocated1,allocated2,allocated3,allocated4,allocated,abandoned1,abandoned2,abandoned3,abandoned4,abandoned,Arrival time1,Arrival time2,Arrival time3,Arrival time4,Arrival time,sharing1,sharing2,sharing,SW1,SW2,SW3,SW4,SWP,SWpenalty, SW,SW1 %,SW2 %, SW3 %,SW4 %,SWP %,Working,Waiting,Moving,Patrolong,Working%,Waiting%,Moving%,Patrolong%,Reallocation%,completed1,completed2,completed3,completed4,completed,working1, working2, working3, working4, working,sharing1_1,sharing1_2,sharing1_3,sharing2_1,sharing2_2,SW1_average,SW2_average,SW3_average,SW4_averagenumOfEvents ,allocated1,allocated2,allocated3,allocated4,allocated,abandoned1,abandoned2,abandoned3,abandoned4,abandoned,Arrival time1,Arrival time2,Arrival time3,Arrival time4,Arrival time,sharing1,sharing2,sharing,SW1,SW2,SW3,SW4,SWP,SWpenalty, SW,SW1 %,SW2 %, SW3 %,SW4 %,SWP %,Working,Waiting,Moving,Patrolong,Working%,Waiting%,Moving%,Patrolong%,Reallocation%,completed1,completed2,completed3,completed4,completed,working1, working2, working3, working4, working,sharing1_1,sharing1_2,sharing1_3,sharing2_1,sharing2_2,SW1_average,SW2_average,SW3_average,SW4_averagenumOfEvents ,allocated1,allocated2,allocated3,allocated4,allocated,abandoned1,abandoned2,abandoned3,abandoned4,abandoned,Arrival time1,Arrival time2,Arrival time3,Arrival time4,Arrival time,sharing1,sharing2,sharing,SW1,SW2,SW3,SW4,SWP,SWpenalty, SW,SW1 %,SW2 %, SW3 %,SW4 %,SWP %,Working,Waiting,Moving,Patrolong,Working%,Waiting%,Moving%,Patrolong%,Reallocation%,completed1,completed2,completed3,completed4,completed,working1, working2, working3, working4, working,sharing1_1,sharing1_2,sharing1_3,sharing2_1,sharing2_2,SW1_average,SW2_average,SW3_average,SW4_average
20,0.7050000000000002,0.7040000000000001,0.7183333333333333,0.715,0.21650000000000028,0.4475,0.47250000000000014,0.27416666666666667,0.28,0.46733333333333327,3.107681734656193,5.844580958544328,9.586410869365464,8.38921175147816,7.8021609059566845,0.615,0.6024999999999998,0.6311666666666664,NaN,NaN,NaN,NaN,3632.0009670354934,NaN,NaN,NaN,NaN,NaN,NaN,NaN,12887.356841460109,0.0,3920.8663700081925,37721.8389105744,0.1725294545610932,0.0,0.052651862900551995,0.5048186825383548,3.115814226925338E-4,0.6716666666666665,0.6366666666666666,0.6625,0.7008333333333333,0.5693333333333336,0.47982948553433735,0.6038650622220146,0.3691126473002836,0.3234479428881617,0.6447533092884535,0.14645176745525335,0.13381491482841276,0.27973331771633375,0.15421633419788014,0.5157836658021201,972.3962140968127,903.7826087935703,440.81769403693994,261.4506048707788numOfEvents ,allocated1,allocated2,allocated3,allocated4,allocated,abandoned1,abandoned2,abandoned3,abandoned4,abandoned,Arrival time1,Arrival time2,Arrival time3,Arrival time4,Arrival time,sharing1,sharing2,sharing,SW1,SW2,SW3,SW4,SWP,SWpenalty, SW,SW1 %,SW2 %, SW3 %,SW4 %,SWP %,Working,Waiting,Moving,Patrolong,Working%,Waiting%,Moving%,Patrolong%,Reallocation%,completed1,completed2,completed3,completed4,completed,working1, working2, working3, working4, working,sharing1_1,sharing1_2,sharing1_3,sharing2_1,sharing2_2,SW1_average,SW2_average,SW3_average,SW4_averagenumOfEvents ,allocated1,allocated2,allocated3,allocated4,allocated,abandoned1,abandoned2,abandoned3,abandoned4,abandoned,Arrival time1,Arrival time2,Arrival time3,Arrival time4,Arrival time,sharing1,sharing2,sharing,SW1,SW2,SW3,SW4,SWP,SWpenalty, SW,SW1 %,SW2 %, SW3 %,SW4 %,SWP %,Working,Waiting,Moving,Patrolong,Working%,Waiting%,Moving%,Patrolong%,Reallocation%,completed1,completed2,completed3,completed4,completed,working1, working2, working3, working4, working,sharing1_1,sharing1_2,sharing1_3,sharing2_1,sharing2_2,SW1_average,SW2_average,SW3_average,SW4_average
20,0.6849999999999998,0.6416666666666666,0.6958333333333333,0.705,0.19500000000000006,0.41666666666666674,0.5301666666666667,0.26666666666666666,0.36833333333333335,0.5449999999999997,43.07592528244545,56.66136723967231,45.08607890286306,30.514344579196685,57.666608488923686,0.5108333333333333,0.5838333333333333,0.5818333333333332,NaN,NaN,NaN,NaN,3273.6169873061035,NaN,NaN,NaN,NaN,NaN,NaN,NaN,10607.652128059302,0.0,7329.345584913606,37735.1803991973,0.14074723259406102,0.0,0.0977095113862249,0.5015432560197142,0.0037713109935332153,0.6791666666666666,0.586,0.6916666666666668,0.6908333333333334,0.4898333333333333,0.3513114573859375,0.44960251154678077,0.2249055620310701,0.22596085142639588,0.5524471112689229,0.12754593785941712,0.12369998519276854,0.24875407694781435,0.1508597246872332,0.4591402753127668,661.5956437594418,652.7626748853172,264.9189226645943,179.54776216366173
40,0.4065714285714286,0.41904365079365086,0.43633333333333335,0.41300000000000003,0.12225000000000007,0.3435000000000001,0.3650833333333333,0.3055,0.3308333333333333,0.3679797979797978,21.28134036863282,25.113646369439053,22.271415678297572,26.044077914611325,24.548425353541752,0.3891666666666667,0.3695714285714286,0.38293975468975466,NaN,NaN,NaN,NaN,1199.3045509194412,NaN,NaN,NaN,NaN,NaN,NaN,NaN,10917.53284869981,0.0,8362.589267216454,13367.759921863353,0.15041162401115518,0.0,0.11530291422096074,0.18428546176788407,0.0075411522633744895,0.3076666666666667,0.25625,0.368,0.34666666666666673,0.2502301587301588,0.24829659470813326,0.2818848663148469,0.1571267785891828,0.19248648857941147,0.29366623994582086,0.10563721605273953,0.10468865605036878,0.1896741278968917,0.1354962042456615,0.30450379575433845,551.6598502019951,458.6161833009787,228.94476566945406,169.27686455782762numOfEvents ,allocated1,allocated2,allocated3,allocated4,allocated,abandoned1,abandoned2,abandoned3,abandoned4,abandoned,Arrival time1,Arrival time2,Arrival time3,Arrival time4,Arrival time,sharing1,sharing2,sharing,SW1,SW2,SW3,SW4,SWP,SWpenalty, SW,SW1 %,SW2 %, SW3 %,SW4 %,SWP %,Working,Waiting,Moving,Patrolong,Working%,Waiting%,Moving%,Patrolong%,Reallocation%,completed1,completed2,completed3,completed4,completed,working1, working2, working3, working4, working,sharing1_1,sharing1_2,sharing1_3,sharing2_1,sharing2_2,SW1_average,SW2_average,SW3_average,SW4_average
20,0.0,0.0,0.0,0.0,0.0,0.0,0.0,0.0,0.0,0.0,0.0,0.0,0.0,0.0,0.0,0.0,0.0,0.0,0.0,0.0,0.0,0.0,0.0,0.0,0.0,0.0,0.0,0.0,0.0,0.0,0.0,0.0,0.0,0.0,0.0,0.0,0.0,0.0,0.0,0.0,0.0,0.0,0.0,0.0,0.0,0.0,0.0,0.0,0.0,0.0,0.0,0.0,0.0,0.0,0.0,0.0,0.0,0.0
40,0.0,0.0,0.0,0.0,0.0,0.0,0.0,0.0,0.0,0.0,0.0,0.0,0.0,0.0,0.0,0.0,0.0,0.0,0.0,0.0,0.0,0.0,0.0,0.0,0.0,0.0,0.0,0.0,0.0,0.0,0.0,0.0,0.0,0.0,0.0,0.0,0.0,0.0,0.0,0.0,0.0,0.0,0.0,0.0,0.0,0.0,0.0,0.0,0.0,0.0,0.0,0.0,0.0,0.0,0.0,0.0,0.0,0.0
60,0.0,0.0,0.0,0.0,0.0,0.0,0.0,0.0,0.0,0.0,0.0,0.0,0.0,0.0,0.0,0.0,0.0,0.0,0.0,0.0,0.0,0.0,0.0,0.0,0.0,0.0,0.0,0.0,0.0,0.0,0.0,0.0,0.0,0.0,0.0,0.0,0.0,0.0,0.0,0.0,0.0,0.0,0.0,0.0,0.0,0.0,0.0,0.0,0.0,0.0,0.0,0.0,0.0,0.0,0.0,0.0,0.0,0.0
80,0.0,0.0,0.0,0.0,0.0,0.0,0.0,0.0,0.0,0.0,0.0,0.0,0.0,0.0,0.0,0.0,0.0,0.0,0.0,0.0,0.0,0.0,0.0,0.0,0.0,0.0,0.0,0.0,0.0,0.0,0.0,0.0,0.0,0.0,0.0,0.0,0.0,0.0,0.0,0.0,0.0,0.0,0.0,0.0,0.0,0.0,0.0,0.0,0.0,0.0,0.0,0.0,0.0,0.0,0.0,0.0,0.0,0.0
100,0.0,0.0,0.0,0.0,0.0,0.0,0.0,0.0,0.0,0.0,0.0,0.0,0.0,0.0,0.0,0.0,0.0,0.0,0.0,0.0,0.0,0.0,0.0,0.0,0.0,0.0,0.0,0.0,0.0,0.0,0.0,0.0,0.0,0.0,0.0,0.0,0.0,0.0,0.0,0.0,0.0,0.0,0.0,0.0,0.0,0.0,0.0,0.0,0.0,0.0,0.0,0.0,0.0,0.0,0.0,0.0,0.0,0.0numOfEvents ,allocated1,allocated2,allocated3,allocated4,allocated,abandoned1,abandoned2,abandoned3,abandoned4,abandoned,Arrival time1,Arrival time2,Arrival time3,Arrival time4,Arrival time,sharing1,sharing2,sharing,SW1,SW2,SW3,SW4,SWP,SWpenalty, SW,SW1 %,SW2 %, SW3 %,SW4 %,SWP %,Working,Waiting,Moving,Patrolong,Working%,Waiting%,Moving%,Patrolong%,Reallocation%,completed1,completed2,completed3,completed4,completed,working1, working2, working3, working4, working,sharing1_1,sharing1_2,sharing1_3,sharing2_1,sharing2_2,SW1_average,SW2_average,SW3_average,SW4_average
20,0.0,0.0,0.0,0.0,0.0,0.0,0.0,0.0,0.0,0.0,0.0,0.0,0.0,0.0,0.0,0.0,0.0,0.0,0.0,0.0,0.0,0.0,0.0,0.0,0.0,0.0,0.0,0.0,0.0,0.0,0.0,0.0,0.0,0.0,0.0,0.0,0.0,0.0,0.0,0.0,0.0,0.0,0.0,0.0,0.0,0.0,0.0,0.0,0.0,0.0,0.0,0.0,0.0,0.0,0.0,0.0,0.0,0.0
40,0.0,0.0,0.0,0.0,0.0,0.0,0.0,0.0,0.0,0.0,0.0,0.0,0.0,0.0,0.0,0.0,0.0,0.0,0.0,0.0,0.0,0.0,0.0,0.0,0.0,0.0,0.0,0.0,0.0,0.0,0.0,0.0,0.0,0.0,0.0,0.0,0.0,0.0,0.0,0.0,0.0,0.0,0.0,0.0,0.0,0.0,0.0,0.0,0.0,0.0,0.0,0.0,0.0,0.0,0.0,0.0,0.0,0.0
60,0.0,0.0,0.0,0.0,0.0,0.0,0.0,0.0,0.0,0.0,0.0,0.0,0.0,0.0,0.0,0.0,0.0,0.0,0.0,0.0,0.0,0.0,0.0,0.0,0.0,0.0,0.0,0.0,0.0,0.0,0.0,0.0,0.0,0.0,0.0,0.0,0.0,0.0,0.0,0.0,0.0,0.0,0.0,0.0,0.0,0.0,0.0,0.0,0.0,0.0,0.0,0.0,0.0,0.0,0.0,0.0,0.0,0.0
80,0.0,0.0,0.0,0.0,0.0,0.0,0.0,0.0,0.0,0.0,0.0,0.0,0.0,0.0,0.0,0.0,0.0,0.0,0.0,0.0,0.0,0.0,0.0,0.0,0.0,0.0,0.0,0.0,0.0,0.0,0.0,0.0,0.0,0.0,0.0,0.0,0.0,0.0,0.0,0.0,0.0,0.0,0.0,0.0,0.0,0.0,0.0,0.0,0.0,0.0,0.0,0.0,0.0,0.0,0.0,0.0,0.0,0.0
100,0.0,0.0,0.0,0.0,0.0,0.0,0.0,0.0,0.0,0.0,0.0,0.0,0.0,0.0,0.0,0.0,0.0,0.0,0.0,0.0,0.0,0.0,0.0,0.0,0.0,0.0,0.0,0.0,0.0,0.0,0.0,0.0,0.0,0.0,0.0,0.0,0.0,0.0,0.0,0.0,0.0,0.0,0.0,0.0,0.0,0.0,0.0,0.0,0.0,0.0,0.0,0.0,0.0,0.0,0.0,0.0,0.0,0.0numOfEvents ,allocated1,allocated2,allocated3,allocated4,allocated,abandoned1,abandoned2,abandoned3,abandoned4,abandoned,Arrival time1,Arrival time2,Arrival time3,Arrival time4,Arrival time,sharing1,sharing2,sharing,SW1,SW2,SW3,SW4,SWP,SWpenalty, SW,SW1 %,SW2 %, SW3 %,SW4 %,SWP %,Working,Waiting,Moving,Patrolong,Working%,Waiting%,Moving%,Patrolong%,Reallocation%,completed1,completed2,completed3,completed4,completed,working1, working2, working3, working4, working,sharing1_1,sharing1_2,sharing1_3,sharing2_1,sharing2_2,SW1_average,SW2_average,SW3_average,SW4_averagenumOfEvents ,allocated1,allocated2,allocated3,allocated4,allocated,abandoned1,abandoned2,abandoned3,abandoned4,abandoned,Arrival time1,Arrival time2,Arrival time3,Arrival time4,Arrival time,sharing1,sharing2,sharing,SW1,SW2,SW3,SW4,SWP,SWpenalty, SW,SW1 %,SW2 %, SW3 %,SW4 %,SWP %,Working,Waiting,Moving,Patrolong,Working%,Waiting%,Moving%,Patrolong%,Reallocation%,completed1,completed2,completed3,completed4,completed,working1, working2, working3, working4, working,sharing1_1,sharing1_2,sharing1_3,sharing2_1,sharing2_2,SW1_average,SW2_average,SW3_average,SW4_average
20,0.5966666666666667,0.5873333333333333,0.6241666666666668,0.635,0.17800000000000016,0.3816666666666667,0.4466666666666667,0.25,0.3683333333333333,0.4739999999999999,38.063550427685435,45.339723516228005,26.03480814871802,35.108799524358766,45.60239522905695,0.4741666666666666,0.516,0.5266666666666666,NaN,NaN,NaN,NaN,2882.6222912850185,NaN,NaN,NaN,NaN,NaN,NaN,NaN,9794.309083945811,0.0,6140.61427659948,33012.65482273747,0.13030827214718727,0.0,0.08157828104003423,0.4381134468127785,0.0034597295708406815,0.5691666666666666,0.5248333333333334,0.5983333333333334,0.6008333333333333,0.4333333333333334,0.3257911271957431,0.40179163815416064,0.2019182047501096,0.22870061357495963,0.4993567863252029,0.13440627285778717,0.10705800771192138,0.1885357194302914,0.10804668422623853,0.41195331577376143,611.3542718795392,579.54373910958,243.58383570892354,180.02665600298258numOfEvents ,allocated1,allocated2,allocated3,allocated4,allocated,abandoned1,abandoned2,abandoned3,abandoned4,abandoned,Arrival time1,Arrival time2,Arrival time3,Arrival time4,Arrival time,sharing1,sharing2,sharing,SW1,SW2,SW3,SW4,SWP,SWpenalty, SW,SW1 %,SW2 %, SW3 %,SW4 %,SWP %,Working,Waiting,Moving,Patrolong,Working%,Waiting%,Moving%,Patrolong%,Reallocation%,completed1,completed2,completed3,completed4,completed,working1, working2, working3, working4, working,sharing1_1,sharing1_2,sharing1_3,sharing2_1,sharing2_2,SW1_average,SW2_average,SW3_average,SW4_averagenumOfEvents ,allocated1,allocated2,allocated3,allocated4,allocated,abandoned1,abandoned2,abandoned3,abandoned4,abandoned,Arrival time1,Arrival time2,Arrival time3,Arrival time4,Arrival time,sharing1,sharing2,sharing,SW1,SW2,SW3,SW4,SWP,SWpenalty, SW,SW1 %,SW2 %, SW3 %,SW4 %,SWP %,Working,Waiting,Moving,Patrolong,Working%,Waiting%,Moving%,Patrolong%,Reallocation%,completed1,completed2,completed3,completed4,completed,working1, working2, working3, working4, working,sharing1_1,sharing1_2,sharing1_3,sharing2_1,sharing2_2,SW1_average,SW2_average,SW3_average,SW4_averagenumOfEvents ,allocated1,allocated2,allocated3,allocated4,allocated,abandoned1,abandoned2,abandoned3,abandoned4,abandoned,Arrival time1,Arrival time2,Arrival time3,Arrival time4,Arrival time,sharing1,sharing2,sharing,SW1,SW2,SW3,SW4,SWP,SWpenalty, SW,SW1 %,SW2 %, SW3 %,SW4 %,SWP %,Working,Waiting,Moving,Patrolong,Working%,Waiting%,Moving%,Patrolong%,Reallocation%,completed1,completed2,completed3,completed4,completed,working1, working2, working3, working4, working,sharing1_1,sharing1_2,sharing1_3,sharing2_1,sharing2_2,SW1_average,SW2_average,SW3_average,SW4_averagenumOfEvents ,allocated1,allocated2,allocated3,allocated4,allocated,abandoned1,abandoned2,abandoned3,abandoned4,abandoned,Arrival time1,Arrival time2,Arrival time3,Arrival time4,Arrival time,sharing1,sharing2,sharing,SW1,SW2,SW3,SW4,SWP,SWpenalty, SW,SW1 %,SW2 %, SW3 %,SW4 %,SWP %,Working,Waiting,Moving,Patrolong,Working%,Waiting%,Moving%,Patrolong%,Reallocation%,completed1,completed2,completed3,completed4,completed,working1, working2, working3, working4, working,sharing1_1,sharing1_2,sharing1_3,sharing2_1,sharing2_2,SW1_average,SW2_average,SW3_average,SW4_averagenumOfEvents ,allocated1,allocated2,allocated3,allocated4,allocated,abandoned1,abandoned2,abandoned3,abandoned4,abandoned,Arrival time1,Arrival time2,Arrival time3,Arrival time4,Arrival time,sharing1,sharing2,sharing,SW1,SW2,SW3,SW4,SWP,SWpenalty, SW,SW1 %,SW2 %, SW3 %,SW4 %,SWP %,Working,Waiting,Moving,Patrolong,Working%,Waiting%,Moving%,Patrolong%,Reallocation%,completed1,completed2,completed3,completed4,completed,working1, working2, working3, working4, working,sharing1_1,sharing1_2,sharing1_3,sharing2_1,sharing2_2,SW1_average,SW2_average,SW3_average,SW4_averagenumOfEvents ,allocated1,allocated2,allocated3,allocated4,allocated,abandoned1,abandoned2,abandoned3,abandoned4,abandoned,Arrival time1,Arrival time2,Arrival time3,Arrival time4,Arrival time,sharing1,sharing2,sharing,SW1,SW2,SW3,SW4,SWP,SWpenalty, SW,SW1 %,SW2 %, SW3 %,SW4 %,SWP %,Working,Waiting,Moving,Patrolong,Working%,Waiting%,Moving%,Patrolong%,Reallocation%,completed1,completed2,completed3,completed4,completed,working1, working2, working3, working4, working,sharing1_1,sharing1_2,sharing1_3,sharing2_1,sharing2_2,SW1_average,SW2_average,SW3_average,SW4_averagenumOfEvents ,allocated1,allocated2,allocated3,allocated4,allocated,abandoned1,abandoned2,abandoned3,abandoned4,abandoned,Arrival time1,Arrival time2,Arrival time3,Arrival time4,Arrival time,sharing1,sharing2,sharing,SW1,SW2,SW3,SW4,SWP,SWpenalty, SW,SW1 %,SW2 %, SW3 %,SW4 %,SWP %,Working,Waiting,Moving,Patrolong,Working%,Waiting%,Moving%,Patrolong%,Reallocation%,completed1,completed2,completed3,completed4,completed,working1, working2, working3, working4, working,sharing1_1,sharing1_2,sharing1_3,sharing2_1,sharing2_2,SW1_average,SW2_average,SW3_average,SW4_averagenumOfEvents ,allocated1,allocated2,allocated3,allocated4,allocated,abandoned1,abandoned2,abandoned3,abandoned4,abandoned,Arrival time1,Arrival time2,Arrival time3,Arrival time4,Arrival time,sharing1,sharing2,sharing,SW1,SW2,SW3,SW4,SWP,SWpenalty, SW,SW1 %,SW2 %, SW3 %,SW4 %,SWP %,Working,Waiting,Moving,Patrolong,Working%,Waiting%,Moving%,Patrolong%,Reallocation%,completed1,completed2,completed3,completed4,completed,working1, working2, working3, working4, working,sharing1_1,sharing1_2,sharing1_3,sharing2_1,sharing2_2,SW1_average,SW2_average,SW3_average,SW4_averagenumOfEvents ,allocated1,allocated2,allocated3,allocated4,allocated,abandoned1,abandoned2,abandoned3,abandoned4,abandoned,Arrival time1,Arrival time2,Arrival time3,Arrival time4,Arrival time,sharing1,sharing2,sharing,SW1,SW2,SW3,SW4,SWP,SWpenalty, SW,SW1 %,SW2 %, SW3 %,SW4 %,SWP %,Working,Waiting,Moving,Patrolong,Working%,Waiting%,Moving%,Patrolong%,Reallocation%,completed1,completed2,completed3,completed4,completed,working1, working2, working3, working4, working,sharing1_1,sharing1_2,sharing1_3,sharing2_1,sharing2_2,SW1_average,SW2_average,SW3_average,SW4_averagenumOfEvents ,allocated1,allocated2,allocated3,allocated4,allocated,abandoned1,abandoned2,abandoned3,abandoned4,abandoned,Arrival time1,Arrival time2,Arrival time3,Arrival time4,Arrival time,sharing1,sharing2,sharing,SW1,SW2,SW3,SW4,SWP,SWpenalty, SW,SW1 %,SW2 %, SW3 %,SW4 %,SWP %,Working,Waiting,Moving,Patrolong,Working%,Waiting%,Moving%,Patrolong%,Reallocation%,completed1,completed2,completed3,completed4,completed,working1, working2, working3, working4, working,sharing1_1,sharing1_2,sharing1_3,sharing2_1,sharing2_2,SW1_average,SW2_average,SW3_average,SW4_averagenumOfEvents ,allocated1,allocated2,allocated3,allocated4,allocated,abandoned1,abandoned2,abandoned3,abandoned4,abandoned,Arrival time1,Arrival time2,Arrival time3,Arrival time4,Arrival time,sharing1,sharing2,sharing,SW1,SW2,SW3,SW4,SWP,SWpenalty, SW,SW1 %,SW2 %, SW3 %,SW4 %,SWP %,Working,Waiting,Moving,Patrolong,Working%,Waiting%,Moving%,Patrolong%,Reallocation%,completed1,completed2,completed3,completed4,completed,working1, working2, working3, working4, working,sharing1_1,sharing1_2,sharing1_3,sharing2_1,sharing2_2,SW1_average,SW2_average,SW3_average,SW4_averagenumOfEvents ,allocated1,allocated2,allocated3,allocated4,allocated,abandoned1,abandoned2,abandoned3,abandoned4,abandoned,Arrival time1,Arrival time2,Arrival time3,Arrival time4,Arrival time,sharing1,sharing2,sharing,SW1,SW2,SW3,SW4,SWP,SWpenalty, SW,SW1 %,SW2 %, SW3 %,SW4 %,SWP %,Working,Waiting,Moving,Patrolong,Working%,Waiting%,Moving%,Patrolong%,Reallocation%,completed1,completed2,completed3,completed4,completed,working1, working2, working3, working4, working,sharing1_1,sharing1_2,sharing1_3,sharing2_1,sharing2_2,SW1_average,SW2_average,SW3_average,SW4_averagenumOfEvents ,allocated1,allocated2,allocated3,allocated4,allocated,abandoned1,abandoned2,abandoned3,abandoned4,abandoned,Arrival time1,Arrival time2,Arrival time3,Arrival time4,Arrival time,sharing1,sharing2,sharing,SW1,SW2,SW3,SW4,SWP,SWpenalty, SW,SW1 %,SW2 %, SW3 %,SW4 %,SWP %,Working,Waiting,Moving,Patrolong,Working%,Waiting%,Moving%,Patrolong%,Reallocation%,completed1,completed2,completed3,completed4,completed,working1, working2, working3, working4, working,sharing1_1,sharing1_2,sharing1_3,sharing2_1,sharing2_2,SW1_average,SW2_average,SW3_average,SW4_averagenumOfEvents ,allocated1,allocated2,allocated3,allocated4,allocated,abandoned1,abandoned2,abandoned3,abandoned4,abandoned,Arrival time1,Arrival time2,Arrival time3,Arrival time4,Arrival time,sharing1,sharing2,sharing,SW1,SW2,SW3,SW4,SWP,SWpenalty, SW,SW1 %,SW2 %, SW3 %,SW4 %,SWP %,Working,Waiting,Moving,Patrolong,Working%,Waiting%,Moving%,Patrolong%,Reallocation%,completed1,completed2,completed3,completed4,completed,working1, working2, working3, working4, working,sharing1_1,sharing1_2,sharing1_3,sharing2_1,sharing2_2,SW1_average,SW2_average,SW3_average,SW4_averagenumOfEvents ,allocated1,allocated2,allocated3,allocated4,allocated,abandoned1,abandoned2,abandoned3,abandoned4,abandoned,Arrival time1,Arrival time2,Arrival time3,Arrival time4,Arrival time,sharing1,sharing2,sharing,SW1,SW2,SW3,SW4,SWP,SWpenalty, SW,SW1 %,SW2 %, SW3 %,SW4 %,SWP %,Working,Waiting,Moving,Patrolong,Working%,Waiting%,Moving%,Patrolong%,Reallocation%,completed1,completed2,completed3,completed4,completed,working1, working2, working3, working4, working,sharing1_1,sharing1_2,sharing1_3,sharing2_1,sharing2_2,SW1_average,SW2_average,SW3_average,SW4_averagenumOfEvents ,allocated1,allocated2,allocated3,allocated4,allocated,abandoned1,abandoned2,abandoned3,abandoned4,abandoned,Arrival time1,Arrival time2,Arrival time3,Arrival time4,Arrival time,sharing1,sharing2,sharing,SW1,SW2,SW3,SW4,SWP,SWpenalty, SW,SW1 %,SW2 %, SW3 %,SW4 %,SWP %,Working,Waiting,Moving,Patrolong,Working%,Waiting%,Moving%,Patrolong%,Reallocation%,completed1,completed2,completed3,completed4,completed,working1, working2, working3, working4, working,sharing1_1,sharing1_2,sharing1_3,sharing2_1,sharing2_2,SW1_average,SW2_average,SW3_average,SW4_averagenumOfEvents ,allocated1,allocated2,allocated3,allocated4,allocated,abandoned1,abandoned2,abandoned3,abandoned4,abandoned,Arrival time1,Arrival time2,Arrival time3,Arrival time4,Arrival time,sharing1,sharing2,sharing,SW1,SW2,SW3,SW4,SWP,SWpenalty, SW,SW1 %,SW2 %, SW3 %,SW4 %,SWP %,Working,Waiting,Moving,Patrolong,Working%,Waiting%,Moving%,Patrolong%,Reallocation%,completed1,completed2,completed3,completed4,completed,working1, working2, working3, working4, working,sharing1_1,sharing1_2,sharing1_3,sharing2_1,sharing2_2,SW1_average,SW2_average,SW3_average,SW4_averagenumOfEvents ,allocated1,allocated2,allocated3,allocated4,allocated,abandoned1,abandoned2,abandoned3,abandoned4,abandoned,Arrival time1,Arrival time2,Arrival time3,Arrival time4,Arrival time,sharing1,sharing2,sharing,SW1,SW2,SW3,SW4,SWP,SWpenalty, SW,SW1 %,SW2 %, SW3 %,SW4 %,SWP %,Working,Waiting,Moving,Patrolong,Working%,Waiting%,Moving%,Patrolong%,Reallocation%,completed1,completed2,completed3,completed4,completed,working1, working2, working3, working4, working,sharing1_1,sharing1_2,sharing1_3,sharing2_1,sharing2_2,SW1_average,SW2_average,SW3_average,SW4_averagenumOfEvents ,allocated1,allocated2,allocated3,allocated4,allocated,abandoned1,abandoned2,abandoned3,abandoned4,abandoned,Arrival time1,Arrival time2,Arrival time3,Arrival time4,Arrival time,sharing1,sharing2,sharing,SW1,SW2,SW3,SW4,SWP,SWpenalty, SW,SW1 %,SW2 %, SW3 %,SW4 %,SWP %,Working,Waiting,Moving,Patrolong,Working%,Waiting%,Moving%,Patrolong%,Reallocation%,completed1,completed2,completed3,completed4,completed,working1, working2, working3, working4, working,sharing1_1,sharing1_2,sharing1_3,sharing2_1,sharing2_2,SW1_average,SW2_average,SW3_average,SW4_averagenumOfEvents ,allocated1,allocated2,allocated3,allocated4,allocated,abandoned1,abandoned2,abandoned3,abandoned4,abandoned,Arrival time1,Arrival time2,Arrival time3,Arrival time4,Arrival time,sharing1,sharing2,sharing,SW1,SW2,SW3,SW4,SWP,SWpenalty, SW,SW1 %,SW2 %, SW3 %,SW4 %,SWP %,Working,Waiting,Moving,Patrolong,Working%,Waiting%,Moving%,Patrolong%,Reallocation%,completed1,completed2,completed3,completed4,completed,working1, working2, working3, working4, working,sharing1_1,sharing1_2,sharing1_3,sharing2_1,sharing2_2,SW1_average,SW2_average,SW3_average,SW4_averagenumOfEvents ,allocated1,allocated2,allocated3,allocated4,allocated,abandoned1,abandoned2,abandoned3,abandoned4,abandoned,Arrival time1,Arrival time2,Arrival time3,Arrival time4,Arrival time,sharing1,sharing2,sharing,SW1,SW2,SW3,SW4,SWP,SWpenalty, SW,SW1 %,SW2 %, SW3 %,SW4 %,SWP %,Working,Waiting,Moving,Patrolong,Working%,Waiting%,Moving%,Patrolong%,Reallocation%,completed1,completed2,completed3,completed4,completed,working1, working2, working3, working4, working,sharing1_1,sharing1_2,sharing1_3,sharing2_1,sharing2_2,SW1_average,SW2_average,SW3_average,SW4_averagenumOfEvents ,allocated1,allocated2,allocated3,allocated4,allocated,abandoned1,abandoned2,abandoned3,abandoned4,abandoned,Arrival time1,Arrival time2,Arrival time3,Arrival time4,Arrival time,sharing1,sharing2,sharing,SW1,SW2,SW3,SW4,SWP,SWpenalty, SW,SW1 %,SW2 %, SW3 %,SW4 %,SWP %,Working,Waiting,Moving,Patrolong,Working%,Waiting%,Moving%,Patrolong%,Reallocation%,completed1,completed2,completed3,completed4,completed,working1, working2, working3, working4, working,sharing1_1,sharing1_2,sharing1_3,sharing2_1,sharing2_2,SW1_average,SW2_average,SW3_average,SW4_averagenumOfEvents ,allocated1,allocated2,allocated3,allocated4,allocated,abandoned1,abandoned2,abandoned3,abandoned4,abandoned,Arrival time1,Arrival time2,Arrival time3,Arrival time4,Arrival time,sharing1,sharing2,sharing,SW1,SW2,SW3,SW4,SWP,SWpenalty, SW,SW1 %,SW2 %, SW3 %,SW4 %,SWP %,Working,Waiting,Moving,Patrolong,Working%,Waiting%,Moving%,Patrolong%,Reallocation%,completed1,completed2,completed3,completed4,completed,working1, working2, working3, working4, working,sharing1_1,sharing1_2,sharing1_3,sharing2_1,sharing2_2,SW1_average,SW2_average,SW3_average,SW4_averagenumOfEvents ,allocated1,allocated2,allocated3,allocated4,allocated,abandoned1,abandoned2,abandoned3,abandoned4,abandoned,Arrival time1,Arrival time2,Arrival time3,Arrival time4,Arrival time,sharing1,sharing2,sharing,SW1,SW2,SW3,SW4,SWP,SWpenalty, SW,SW1 %,SW2 %, SW3 %,SW4 %,SWP %,Working,Waiting,Moving,Patrolong,Working%,Waiting%,Moving%,Patrolong%,Reallocation%,completed1,completed2,completed3,completed4,completed,working1, working2, working3, working4, working,sharing1_1,sharing1_2,sharing1_3,sharing2_1,sharing2_2,SW1_average,SW2_average,SW3_average,SW4_averagenumOfEvents ,allocated1,allocated2,allocated3,allocated4,allocated,abandoned1,abandoned2,abandoned3,abandoned4,abandoned,Arrival time1,Arrival time2,Arrival time3,Arrival time4,Arrival time,sharing1,sharing2,sharing,SW1,SW2,SW3,SW4,SWP,SWpenalty, SW,SW1 %,SW2 %, SW3 %,SW4 %,SWP %,Working,Waiting,Moving,Patrolong,Working%,Waiting%,Moving%,Patrolong%,Reallocation%,completed1,completed2,completed3,completed4,completed,working1, working2, working3, working4, working,sharing1_1,sharing1_2,sharing1_3,sharing2_1,sharing2_2,SW1_average,SW2_average,SW3_average,SW4_averagenumOfEvents ,allocated1,allocated2,allocated3,allocated4,allocated,abandoned1,abandoned2,abandoned3,abandoned4,abandoned,Arrival time1,Arrival time2,Arrival time3,Arrival time4,Arrival time,sharing1,sharing2,sharing,SW1,SW2,SW3,SW4,SWP,SWpenalty, SW,SW1 %,SW2 %, SW3 %,SW4 %,SWP %,Working,Waiting,Moving,Patrolong,Working%,Waiting%,Moving%,Patrolong%,Reallocation%,completed1,completed2,completed3,completed4,completed,working1, working2, working3, working4, working,sharing1_1,sharing1_2,sharing1_3,sharing2_1,sharing2_2,SW1_average,SW2_average,SW3_average,SW4_averagenumOfEvents ,allocated1,allocated2,allocated3,allocated4,allocated,abandoned1,abandoned2,abandoned3,abandoned4,abandoned,Arrival time1,Arrival time2,Arrival time3,Arrival time4,Arrival time,sharing1,sharing2,sharing,SW1,SW2,SW3,SW4,SWP,SWpenalty, SW,SW1 %,SW2 %, SW3 %,SW4 %,SWP %,Working,Waiting,Moving,Patrolong,Working%,Waiting%,Moving%,Patrolong%,Reallocation%,completed1,completed2,completed3,completed4,completed,working1, working2, working3, working4, working,sharing1_1,sharing1_2,sharing1_3,sharing2_1,sharing2_2,SW1_average,SW2_average,SW3_average,SW4_averagenumOfEvents ,allocated1,allocated2,allocated3,allocated4,allocated,abandoned1,abandoned2,abandoned3,abandoned4,abandoned,Arrival time1,Arrival time2,Arrival time3,Arrival time4,Arrival time,sharing1,sharing2,sharing,SW1,SW2,SW3,SW4,SWP,SWpenalty, SW,SW1 %,SW2 %, SW3 %,SW4 %,SWP %,Working,Waiting,Moving,Patrolong,Working%,Waiting%,Moving%,Patrolong%,Reallocation%,completed1,completed2,completed3,completed4,completed,working1, working2, working3, working4, working,sharing1_1,sharing1_2,sharing1_3,sharing2_1,sharing2_2,SW1_average,SW2_average,SW3_average,SW4_averagenumOfEvents ,allocated1,allocated2,allocated3,allocated4,allocated,abandoned1,abandoned2,abandoned3,abandoned4,abandoned,Arrival time1,Arrival time2,Arrival time3,Arrival time4,Arrival time,sharing1,sharing2,sharing,SW1,SW2,SW3,SW4,SWP,SWpenalty, SW,SW1 %,SW2 %, SW3 %,SW4 %,SWP %,Working,Waiting,Moving,Patrolong,Working%,Waiting%,Moving%,Patrolong%,Reallocation%,completed1,completed2,completed3,completed4,completed,working1, working2, working3, working4, working,sharing1_1,sharing1_2,sharing1_3,sharing2_1,sharing2_2,SW1_average,SW2_average,SW3_average,SW4_average
20,0.7141666666666667,0.5818333333333334,0.7941666666666667,0.8875,0.11750000000000005,0.3533333333333333,0.4850000000000001,0.26166666666666666,0.2733333333333333,NaN,5.606515540760884,16.35406253279373,9.747223546252764,14.600835296554244,NaN,0.38833333333333336,0.45583333333333337,0.45366666666666666,NaN,NaN,NaN,NaN,4734.9537015169735,NaN,NaN,NaN,NaN,NaN,NaN,NaN,6253.132174733681,0.0,9926.819437371207,59150.63488662861,0.08265143304105411,0.0,0.12892452504480625,0.7684240419141395,7.965902410346855E-4,0.9558333333333334,0.9141666666666667,0.9866666666666667,0.9633333333333333,Infinity,0.32979766518563663,0.456239845714326,0.21362691015873295,0.23554676228340019,0.8787198025366864,0.10196663182580158,0.07077546700688758,0.1972579011673108,0.1071291500448237,0.40287084995517636,652.7465575747016,696.3513071392101,263.2751143237151,194.65567350705257numOfEvents ,allocated1,allocated2,allocated3,allocated4,allocated,abandoned1,abandoned2,abandoned3,abandoned4,abandoned,Arrival time1,Arrival time2,Arrival time3,Arrival time4,Arrival time,sharing1,sharing2,sharing,SW1,SW2,SW3,SW4,SWP,SWpenalty, SW,SW1 %,SW2 %, SW3 %,SW4 %,SWP %,Working,Waiting,Moving,Patrolong,Working%,Waiting%,Moving%,Patrolong%,Reallocation%,completed1,completed2,completed3,completed4,completed,working1, working2, working3, working4, working,sharing1_1,sharing1_2,sharing1_3,sharing2_1,sharing2_2,SW1_average,SW2_average,SW3_average,SW4_average
20,0.6808333333333334,0.5310000000000001,0.8025,0.8658333333333335,0.09699999999999999,0.34,0.505,0.265,0.28,NaN,1.4855967935438972,3.6779049162539574,3.68026774992365,3.66094997819549,NaN,0.35,0.43583333333333335,0.4243333333333334,NaN,NaN,NaN,NaN,4665.898604552962,NaN,NaN,NaN,NaN,NaN,NaN,NaN,5323.713484434307,0.0,9543.23200239633,61830.10802244831,0.06940516510112112,0.0,0.12303727152516908,0.7975575633737096,5.232216343327454E-4,0.98,0.9533333333333335,0.9916666666666667,0.99,Infinity,0.3100907388698217,0.44920688822212385,0.21070685985010126,0.21891193136480525,0.9006290535313917,0.09293611408876894,0.0649595564037443,0.18210432950748676,0.1087005708208271,0.3812994291791729,612.9917968654282,678.4835418887866,261.77545022890655,182.72986873915875numOfEvents ,allocated1,allocated2,allocated3,allocated4,allocated,abandoned1,abandoned2,abandoned3,abandoned4,abandoned,Arrival time1,Arrival time2,Arrival time3,Arrival time4,Arrival time,sharing1,sharing2,sharing,SW1,SW2,SW3,SW4,SWP,SWpenalty, SW,SW1 %,SW2 %, SW3 %,SW4 %,SWP %,Working,Waiting,Moving,Patrolong,Working%,Waiting%,Moving%,Patrolong%,Reallocation%,completed1,completed2,completed3,completed4,completed,working1, working2, working3, working4, working,sharing1_1,sharing1_2,sharing1_3,sharing2_1,sharing2_2,SW1_average,SW2_average,SW3_average,SW4_average
20,0.7,0.5393333333333334,0.8058333333333333,0.8758333333333335,0.1005,0.3475,0.5008333333333334,0.2833333333333333,0.29,NaN,2.367279935884785,3.793860946521241,3.91527710637301,5.846188316562452,NaN,0.36,0.44583333333333336,0.43266666666666664,NaN,NaN,NaN,NaN,4660.863649093591,NaN,NaN,NaN,NaN,NaN,NaN,NaN,5485.110776669821,0.0,9547.610372920755,62309.56578103593,0.07199155234760317,0.0,0.12325372640733728,0.8047547212450594,5.114638447971782E-4,0.9875,0.9666666666666667,0.9983333333333334,0.995,Infinity,0.31850970011700674,0.466796595506748,0.2299179783196599,0.23463201952039467,0.9074367452431629,0.09507379894535647,0.06690005584913593,0.1880261452055076,0.11441372014102695,0.3955862798589731,629.9798833719309,705.9046577140699,289.19727870609745,197.14489267327926numOfEvents ,allocated1,allocated2,allocated3,allocated4,allocated,abandoned1,abandoned2,abandoned3,abandoned4,abandoned,Arrival time1,Arrival time2,Arrival time3,Arrival time4,Arrival time,sharing1,sharing2,sharing,SW1,SW2,SW3,SW4,SWP,SWpenalty, SW,SW1 %,SW2 %, SW3 %,SW4 %,SWP %,Working,Waiting,Moving,Patrolong,Working%,Waiting%,Moving%,Patrolong%,Reallocation%,completed1,completed2,completed3,completed4,completed,working1, working2, working3, working4, working,sharing1_1,sharing1_2,sharing1_3,sharing2_1,sharing2_2,SW1_average,SW2_average,SW3_average,SW4_average
20,0.01,0.01,0.01,0.01,0.003,0.0,0.005,0.005,0.01,0.005,0.0,0.07100193381196628,0.16450773124680587,0.10049015478305864,0.09525158081676714,0.01,0.01,0.01,16.7998185634015,NaN,NaN,NaN,51.60008263065239,NaN,NaN,NaN,NaN,NaN,NaN,NaN,261.45841824186186,0.0,23.667585195252094,468.33411719641975,0.003470102943497781,0.0,3.1411861818713945E-4,0.0062157784383150795,0.0,0.01,0.005,0.005,0.01,0.005,0.0,0.00952195168954005,0.008004232133075892,0.00952542799523262,0.009017203939282854,0.0,0.0,0.0,0.0028822638770862594,0.00711773612291374,0.01,13.60919917379854,11.019250969312086,7.341430320098666numOfEvents ,allocated1,allocated2,allocated3,allocated4,allocated,abandoned1,abandoned2,abandoned3,abandoned4,abandoned,Arrival time1,Arrival time2,Arrival time3,Arrival time4,Arrival time,sharing1,sharing2,sharing,SW1,SW2,SW3,SW4,SWP,SWpenalty, SW,SW1 %,SW2 %, SW3 %,SW4 %,SWP %,Working,Waiting,Moving,Patrolong,Working%,Waiting%,Moving%,Patrolong%,Reallocation%,completed1,completed2,completed3,completed4,completed,working1, working2, working3, working4, working,sharing1_1,sharing1_2,sharing1_3,sharing2_1,sharing2_2,SW1_average,SW2_average,SW3_average,SW4_average
20,0.7025000000000001,0.5651666666666667,0.8108333333333334,0.8558333333333334,0.11500000000000002,0.33166666666666667,0.47,0.2333333333333333,0.285,NaN,12.854967264020491,12.646216815777823,8.888938319900275,14.416358877118371,NaN,0.3566666666666667,0.4708333333333334,0.44499999999999995,NaN,NaN,NaN,NaN,4711.302608638961,NaN,NaN,NaN,NaN,NaN,NaN,NaN,6119.755448057155,0.0,9802.20840282031,58785.4283235421,0.08077709614721738,0.0,0.12695525917052844,0.7622676446822543,9.112286890064668E-4,0.9441666666666667,0.9025,0.9433333333333335,0.97,Infinity,0.303043342226225,0.4697013304007541,0.21126552228416173,0.23275219759759078,0.8700591572891261,0.08745513878751293,0.07399841355461599,0.17854644765787106,0.11895715957848436,0.4110428404215158,593.4162761019329,698.7103467769261,265.09821364256715,195.00765921605623numOfEvents ,allocated1,allocated2,allocated3,allocated4,allocated,abandoned1,abandoned2,abandoned3,abandoned4,abandoned,Arrival time1,Arrival time2,Arrival time3,Arrival time4,Arrival time,sharing1,sharing2,sharing,SW1,SW2,SW3,SW4,SWP,SWpenalty, SW,SW1 %,SW2 %, SW3 %,SW4 %,SWP %,Working,Waiting,Moving,Patrolong,Working%,Waiting%,Moving%,Patrolong%,Reallocation%,completed1,completed2,completed3,completed4,completed,working1, working2, working3, working4, working,sharing1_1,sharing1_2,sharing1_3,sharing2_1,sharing2_2,SW1_average,SW2_average,SW3_average,SW4_average
20,0.6908333333333333,0.5410000000000001,0.8075,0.8808333333333335,0.0995,0.35,0.5125,0.265,0.28,NaN,1.5370827936040692,3.5901390980475565,3.7391449437623856,3.831027059733466,NaN,0.36,0.42583333333333334,0.426,NaN,NaN,NaN,NaN,4695.10465561044,NaN,NaN,NaN,NaN,NaN,NaN,NaN,5453.8890656757685,0.0,9622.10042074492,62299.6541866677,0.0714960577813743,0.0,0.12411505571654692,0.8043888865020787,5.026455026455026E-4,0.99,0.9633333333333334,0.9966666666666667,1.0,Infinity,0.31880309622180436,0.45935918722159824,0.2235007622476077,0.2277981887542051,0.9108691600252306,0.09534870196553515,0.0672136429297871,0.18743765510467772,0.11170539241272456,0.3882946075872756,631.1101274600683,692.5997819949382,279.5220397928186,189.64730103193978
40,0.43709523809523804,0.42023412698412704,0.7020000000000002,0.7098333333333333,0.09100000000000005,0.516,0.5376904761904762,0.303,0.31166666666666665,NaN,8.673497614232286,14.935320447835604,12.844944156740295,18.581650601609923,NaN,0.5710000000000001,0.5002142857142857,0.5503769841269839,NaN,NaN,NaN,NaN,3265.109194564115,NaN,NaN,NaN,NaN,NaN,NaN,NaN,7180.979297117447,0.0,19119.311478327007,43666.709264359735,0.09864825875364996,0.0,0.2622841762409341,0.5990675650054158,0.0026234567901234564,0.8778333333333334,0.8096190476190476,0.9229999999999999,0.9208333333333334,Infinity,0.4169846353088639,0.43035896620946856,0.19050653073421508,0.21129034452126225,0.8085055900467251,0.14086523393915942,0.11782649874578172,0.2313082673150589,0.17226522522925555,0.36773477477074445,814.2664040493404,673.2759610580596,243.62024566801318,181.59386881910544
60,0.5400158730158732,0.46547655122655146,0.5991666666666667,0.6484285714285716,0.12166666666666667,0.5758333333333333,0.7148373015873014,0.4046666666666667,0.3486666666666666,NaN,20.152096206132093,24.72118751871078,17.520995479796,28.39722259243582,NaN,0.6829999999999999,0.7009841269841267,0.7108581141081137,NaN,NaN,NaN,NaN,2319.986712096963,NaN,NaN,NaN,NaN,NaN,NaN,NaN,14421.05144704274,0.0,25359.380120530353,29207.136386865423,0.19832030198267364,0.0,0.3493674978651935,0.4023122001521326,0.008359961268458007,0.7832142857142859,0.7153650793650796,0.8730000000000001,0.7911666666666668,Infinity,0.4580150653310565,0.4921696513135227,0.3206792615725425,0.23369570163222533,0.7462126810904394,0.14374009497816215,0.144268443151165,0.3319914618706729,0.1924331482052343,0.4475668517947657,1013.2668597341243,771.1173810009824,402.47255069454775,222.62065686936836numOfEvents ,allocated1,allocated2,allocated3,allocated4,allocated,abandoned1,abandoned2,abandoned3,abandoned4,abandoned,Arrival time1,Arrival time2,Arrival time3,Arrival time4,Arrival time,sharing1,sharing2,sharing,SW1,SW2,SW3,SW4,SWP,SWpenalty, SW,SW1 %,SW2 %, SW3 %,SW4 %,SWP %,Working,Waiting,Moving,Patrolong,Working%,Waiting%,Moving%,Patrolong%,Reallocation%,completed1,completed2,completed3,completed4,completed,working1, working2, working3, working4, working,sharing1_1,sharing1_2,sharing1_3,sharing2_1,sharing2_2,SW1_average,SW2_average,SW3_average,SW4_averagenumOfEvents ,allocated1,allocated2,allocated3,allocated4,allocated,abandoned1,abandoned2,abandoned3,abandoned4,abandoned,Arrival time1,Arrival time2,Arrival time3,Arrival time4,Arrival time,sharing1,sharing2,sharing,SW1,SW2,SW3,SW4,SWP,SWpenalty, SW,SW1 %,SW2 %, SW3 %,SW4 %,SWP %,Working,Waiting,Moving,Patrolong,Working%,Waiting%,Moving%,Patrolong%,Reallocation%,completed1,completed2,completed3,completed4,completed,working1, working2, working3, working4, working,sharing1_1,sharing1_2,sharing1_3,sharing2_1,sharing2_2,SW1_average,SW2_average,SW3_average,SW4_averagenumOfEvents ,allocated1,allocated2,allocated3,allocated4,allocated,abandoned1,abandoned2,abandoned3,abandoned4,abandoned,Arrival time1,Arrival time2,Arrival time3,Arrival time4,Arrival time,sharing1,sharing2,sharing,SW1,SW2,SW3,SW4,SWP,SWpenalty, SW,SW1 %,SW2 %, SW3 %,SW4 %,SWP %,Working,Waiting,Moving,Patrolong,Working%,Waiting%,Moving%,Patrolong%,Reallocation%,completed1,completed2,completed3,completed4,completed,working1, working2, working3, working4, working,sharing1_1,sharing1_2,sharing1_3,sharing2_1,sharing2_2,SW1_average,SW2_average,SW3_average,SW4_average
20,0.6683333333333334,0.5435000000000001,0.7725,0.8358333333333334,0.10750000000000004,0.31916666666666665,0.4225000000000001,0.24166666666666664,0.265,NaN,11.310388411801377,12.614886982537774,16.521778938303836,12.29161045782468,NaN,0.385,0.4158333333333333,0.424,NaN,NaN,NaN,NaN,4567.9280051456335,NaN,NaN,NaN,NaN,NaN,NaN,NaN,5742.408843458825,0.0,9627.585780997464,57127.26513779076,0.07534667886061616,0.0,0.12466381823973847,0.7399895028996454,6.731334509112285E-4,0.92,0.8716666666666667,0.9316666666666668,0.935,Infinity,0.2947979182190268,0.4231733712354178,0.19903422167677967,0.20556467147092916,0.8408505337377312,0.0942445230068463,0.06836125775956142,0.17739421923359225,0.10012334705536315,0.3798766529446369,579.53730572805,633.9086489693318,243.5415837897084,172.33129720532924numOfEvents ,allocated1,allocated2,allocated3,allocated4,allocated,abandoned1,abandoned2,abandoned3,abandoned4,abandoned,Arrival time1,Arrival time2,Arrival time3,Arrival time4,Arrival time,sharing1,sharing2,sharing,SW1,SW2,SW3,SW4,SWP,SWpenalty, SW,SW1 %,SW2 %, SW3 %,SW4 %,SWP %,Working,Waiting,Moving,Patrolong,Working%,Waiting%,Moving%,Patrolong%,Reallocation%,completed1,completed2,completed3,completed4,completed,working1, working2, working3, working4, working,sharing1_1,sharing1_2,sharing1_3,sharing2_1,sharing2_2,SW1_average,SW2_average,SW3_average,SW4_averagenumOfEvents ,allocated1,allocated2,allocated3,allocated4,allocated,abandoned1,abandoned2,abandoned3,abandoned4,abandoned,Arrival time1,Arrival time2,Arrival time3,Arrival time4,Arrival time,sharing1,sharing2,sharing,SW1,SW2,SW3,SW4,SWP,SWpenalty, SW,SW1 %,SW2 %, SW3 %,SW4 %,SWP %,Working,Waiting,Moving,Patrolong,Working%,Waiting%,Moving%,Patrolong%,Reallocation%,completed1,completed2,completed3,completed4,completed,working1, working2, working3, working4, working,sharing1_1,sharing1_2,sharing1_3,sharing2_1,sharing2_2,SW1_average,SW2_average,SW3_average,SW4_averagenumOfEvents ,allocated1,allocated2,allocated3,allocated4,allocated,abandoned1,abandoned2,abandoned3,abandoned4,abandoned,Arrival time1,Arrival time2,Arrival time3,Arrival time4,Arrival time,sharing1,sharing2,sharing,SW1,SW2,SW3,SW4,SWP,SWpenalty, SW,SW1 %,SW2 %, SW3 %,SW4 %,SWP %,Working,Waiting,Moving,Patrolong,Working%,Waiting%,Moving%,Patrolong%,Reallocation%,completed1,completed2,completed3,completed4,completed,working1, working2, working3, working4, working,sharing1_1,sharing1_2,sharing1_3,sharing2_1,sharing2_2,SW1_average,SW2_average,SW3_average,SW4_averagenumOfEvents ,allocated1,allocated2,allocated3,allocated4,allocated,abandoned1,abandoned2,abandoned3,abandoned4,abandoned,Arrival time1,Arrival time2,Arrival time3,Arrival time4,Arrival time,sharing1,sharing2,sharing,SW1,SW2,SW3,SW4,SWP,SWpenalty, SW,SW1 %,SW2 %, SW3 %,SW4 %,SWP %,Working,Waiting,Moving,Patrolong,Working%,Waiting%,Moving%,Patrolong%,Reallocation%,completed1,completed2,completed3,completed4,completed,working1, working2, working3, working4, working,sharing1_1,sharing1_2,sharing1_3,sharing2_1,sharing2_2,SW1_average,SW2_average,SW3_average,SW4_averagenumOfEvents ,allocated1,allocated2,allocated3,allocated4,allocated,abandoned1,abandoned2,abandoned3,abandoned4,abandoned,Arrival time1,Arrival time2,Arrival time3,Arrival time4,Arrival time,sharing1,sharing2,sharing,SW1,SW2,SW3,SW4,SWP,SWpenalty, SW,SW1 %,SW2 %, SW3 %,SW4 %,SWP %,Working,Waiting,Moving,Patrolong,Working%,Waiting%,Moving%,Patrolong%,Reallocation%,completed1,completed2,completed3,completed4,completed,working1, working2, working3, working4, working,sharing1_1,sharing1_2,sharing1_3,sharing2_1,sharing2_2,SW1_average,SW2_average,SW3_average,SW4_averagenumOfEvents ,allocated1,allocated2,allocated3,allocated4,allocated,abandoned1,abandoned2,abandoned3,abandoned4,abandoned,Arrival time1,Arrival time2,Arrival time3,Arrival time4,Arrival time,sharing1,sharing2,sharing,SW1,SW2,SW3,SW4,SWP,SWpenalty, SW,SW1 %,SW2 %, SW3 %,SW4 %,SWP %,Working,Waiting,Moving,Patrolong,Working%,Waiting%,Moving%,Patrolong%,Reallocation%,completed1,completed2,completed3,completed4,completed,working1, working2, working3, working4, working,sharing1_1,sharing1_2,sharing1_3,sharing2_1,sharing2_2,SW1_average,SW2_average,SW3_average,SW4_averagenumOfEvents ,allocated1,allocated2,allocated3,allocated4,allocated,abandoned1,abandoned2,abandoned3,abandoned4,abandoned,Arrival time1,Arrival time2,Arrival time3,Arrival time4,Arrival time,sharing1,sharing2,sharing,SW1,SW2,SW3,SW4,SWP,SWpenalty, SW,SW1 %,SW2 %, SW3 %,SW4 %,SWP %,Working,Waiting,Moving,Patrolong,Working%,Waiting%,Moving%,Patrolong%,Reallocation%,completed1,completed2,completed3,completed4,completed,working1, working2, working3, working4, working,sharing1_1,sharing1_2,sharing1_3,sharing2_1,sharing2_2,SW1_average,SW2_average,SW3_average,SW4_averagenumOfEvents ,allocated1,allocated2,allocated3,allocated4,allocated,abandoned1,abandoned2,abandoned3,abandoned4,abandoned,Arrival time1,Arrival time2,Arrival time3,Arrival time4,Arrival time,sharing1,sharing2,sharing,SW1,SW2,SW3,SW4,SWP,SWpenalty, SW,SW1 %,SW2 %, SW3 %,SW4 %,SWP %,Working,Waiting,Moving,Patrolong,Working%,Waiting%,Moving%,Patrolong%,Reallocation%,completed1,completed2,completed3,completed4,completed,working1, working2, working3, working4, working,sharing1_1,sharing1_2,sharing1_3,sharing2_1,sharing2_2,SW1_average,SW2_average,SW3_average,SW4_averagenumOfEvents ,allocated1,allocated2,allocated3,allocated4,allocated,abandoned1,abandoned2,abandoned3,abandoned4,abandoned,Arrival time1,Arrival time2,Arrival time3,Arrival time4,Arrival time,sharing1,sharing2,sharing,SW1,SW2,SW3,SW4,SWP,SWpenalty, SW,SW1 %,SW2 %, SW3 %,SW4 %,SWP %,Working,Waiting,Moving,Patrolong,Working%,Waiting%,Moving%,Patrolong%,Reallocation%,completed1,completed2,completed3,completed4,completed,working1, working2, working3, working4, working,sharing1_1,sharing1_2,sharing1_3,sharing2_1,sharing2_2,SW1_average,SW2_average,SW3_average,SW4_averagenumOfEvents ,allocated1,allocated2,allocated3,allocated4,allocated,abandoned1,abandoned2,abandoned3,abandoned4,abandoned,Arrival time1,Arrival time2,Arrival time3,Arrival time4,Arrival time,sharing1,sharing2,sharing,SW1,SW2,SW3,SW4,SWP,SWpenalty, SW,SW1 %,SW2 %, SW3 %,SW4 %,SWP %,Working,Waiting,Moving,Patrolong,Working%,Waiting%,Moving%,Patrolong%,Reallocation%,completed1,completed2,completed3,completed4,completed,working1, working2, working3, working4, working,sharing1_1,sharing1_2,sharing1_3,sharing2_1,sharing2_2,SW1_average,SW2_average,SW3_average,SW4_averagenumOfEvents ,allocated1,allocated2,allocated3,allocated4,allocated,abandoned1,abandoned2,abandoned3,abandoned4,abandoned,Arrival time1,Arrival time2,Arrival time3,Arrival time4,Arrival time,sharing1,sharing2,sharing,SW1,SW2,SW3,SW4,SWP,SWpenalty, SW,SW1 %,SW2 %, SW3 %,SW4 %,SWP %,Working,Waiting,Moving,Patrolong,Working%,Waiting%,Moving%,Patrolong%,Reallocation%,completed1,completed2,completed3,completed4,completed,working1, working2, working3, working4, working,sharing1_1,sharing1_2,sharing1_3,sharing2_1,sharing2_2,SW1_average,SW2_average,SW3_average,SW4_average
20,0.8983333333333333,0.8444999999999999,0.9358333333333334,0.9666666666666666,0.2620000000000001,0.5625000000000001,0.7178333333333333,0.4066666666666666,0.41666666666666674,0.7315,55.49804113155516,70.70007620664406,52.89827280681408,47.83343414554348,72.96619350777141,0.6975,0.7521666666666667,0.7741666666666664,NaN,NaN,NaN,NaN,4317.826418731222,NaN,NaN,NaN,NaN,NaN,NaN,NaN,13669.599931126295,0.0,10202.818640155265,51728.297271436284,0.18112474923124428,0.0,0.13500332090828085,0.6838719298604746,0.004332745443856554,0.8858333333333335,0.8535000000000003,0.9383333333333335,0.9575000000000001,0.7303333333333333,0.476723721307881,0.6060280970746617,0.3498206075223116,0.3509911968037058,0.7433457485863376,0.20806210978741332,0.1291431673549514,0.33279472285763545,0.2168947795220501,0.6131052204779498,912.539080246533,876.0362054854734,412.52124850557067,274.8317836475845
40,0.8836666666666665,0.8998055555555551,0.9644999999999999,0.9388333333333334,0.26825,0.8185476190476189,0.8309285714285711,0.6709999999999998,0.7480000000000001,0.833808080808081,43.72138624585035,48.057992417920424,50.140137488290456,48.268619811628916,48.725362644702656,0.8794999999999998,0.8297261904761903,0.8578621933621932,NaN,NaN,NaN,NaN,2596.34877972596,NaN,NaN,NaN,NaN,NaN,NaN,NaN,23592.514019243867,0.0,19415.393890861622,29635.76077253747,0.3247354775496057,0.0,0.26728600891984167,0.4079785135305526,0.014804526748971189,0.7482142857142855,0.6631071428571427,0.8279999999999998,0.8326666666666668,0.6602020202020202,0.654953708686092,0.647325739795455,0.4587014940266523,0.4311089645010153,0.6662619659915144,0.2930669578979955,0.20499075713177273,0.47194228497023183,0.3687000794266166,0.6212999205733832,1378.7533900864419,994.8934726264113,592.5085609734604,369.9690013525089numOfEvents ,allocated1,allocated2,allocated3,allocated4,allocated,abandoned1,abandoned2,abandoned3,abandoned4,abandoned,Arrival time1,Arrival time2,Arrival time3,Arrival time4,Arrival time,sharing1,sharing2,sharing,SW1,SW2,SW3,SW4,SWP,SWpenalty, SW,SW1 %,SW2 %, SW3 %,SW4 %,SWP %,Working,Waiting,Moving,Patrolong,Working%,Waiting%,Moving%,Patrolong%,Reallocation%,completed1,completed2,completed3,completed4,completed,working1, working2, working3, working4, working,sharing1_1,sharing1_2,sharing1_3,sharing2_1,sharing2_2,SW1_average,SW2_average,SW3_average,SW4_averagenumOfEvents ,allocated1,allocated2,allocated3,allocated4,allocated,abandoned1,abandoned2,abandoned3,abandoned4,abandoned,Arrival time1,Arrival time2,Arrival time3,Arrival time4,Arrival time,sharing1,sharing2,sharing,SW1,SW2,SW3,SW4,SWP,SWpenalty, SW,SW1 %,SW2 %, SW3 %,SW4 %,SWP %,Working,Waiting,Moving,Patrolong,Working%,Waiting%,Moving%,Patrolong%,Reallocation%,completed1,completed2,completed3,completed4,completed,working1, working2, working3, working4, working,sharing1_1,sharing1_2,sharing1_3,sharing2_1,sharing2_2,SW1_average,SW2_average,SW3_average,SW4_averagenumOfEvents ,allocated1,allocated2,allocated3,allocated4,allocated,abandoned1,abandoned2,abandoned3,abandoned4,abandoned,Arrival time1,Arrival time2,Arrival time3,Arrival time4,Arrival time,sharing1,sharing2,sharing,SW1,SW2,SW3,SW4,SWP,SWpenalty, SW,SW1 %,SW2 %, SW3 %,SW4 %,SWP %,Working,Waiting,Moving,Patrolong,Working%,Waiting%,Moving%,Patrolong%,Reallocation%,completed1,completed2,completed3,completed4,completed,working1, working2, working3, working4, working,sharing1_1,sharing1_2,sharing1_3,sharing2_1,sharing2_2,SW1_average,SW2_average,SW3_average,SW4_average
20,0.6266666666666666,0.6063333333333334,0.6583333333333333,0.6591666666666666,0.1835000000000001,0.4508333333333333,0.511,0.30333333333333334,0.2833333333333333,0.5246666666666667,47.14529254700503,51.023641275928,24.555442261993747,31.9040354859191,52.265868578575954,0.4883333333333333,0.5186666666666666,0.528,NaN,NaN,NaN,NaN,3032.776813268079,NaN,NaN,NaN,NaN,NaN,NaN,NaN,10270.922254214718,0.0,6759.926662958388,35168.98235472119,0.13588962076768987,0.0,0.08942012903362499,0.46469025019868504,0.003788947677836565,0.5874999999999999,0.5451666666666667,0.6199999999999999,0.6666666666666665,0.44066666666666676,0.30829516083953207,0.3958855052648563,0.23610633389843244,0.19458481759158083,0.51610101699959,0.1190812166320361,0.08796485458670888,0.232953928781255,0.10891351981510787,0.43108648018489215,580.015090590029,576.6850008284388,288.6894060758548,149.8859804573973
40,0.4108333333333334,0.4129761904761905,0.44666666666666666,0.4471666666666666,0.12425000000000004,0.4259761904761905,0.41920238095238105,0.3466666666666666,0.3625,0.4224292929292928,17.690882752350223,22.69407138725288,20.961882732552777,24.77134214051161,22.792988391763306,0.44050000000000006,0.41886904761904764,0.42567279942279934,NaN,NaN,NaN,NaN,1259.7624484933062,NaN,NaN,NaN,NaN,NaN,NaN,NaN,12202.265050493319,0.0,8815.170730820599,13802.435151174055,0.16815890181144333,0.0,0.12154265421133487,0.19029844397722184,0.008549382716049386,0.36197619047619045,0.29780952380952386,0.41,0.365,0.2900180375180376,0.30038964874244634,0.309652300665734,0.19334179683519828,0.2076735280390378,0.322812925504586,0.1303096095874905,0.1235922854626266,0.19609810494988295,0.12225143836217477,0.32774856163782523,632.1746165648436,505.5629835093838,261.3306318639728,176.5248978553879
60,0.5435357142857142,0.5250898268398266,0.5268333333333333,0.5131666666666665,0.15050000000000008,0.35864682539682546,0.40637301587301594,0.37616666666666676,0.41766666666666663,0.4046218487394959,18.729559033444172,24.308985850657876,27.8900854790426,27.011985362416237,23.804024034625826,0.5407222222222222,0.5118333333333333,0.5239257409257407,NaN,NaN,NaN,NaN,915.9692431488601,NaN,NaN,NaN,NaN,NaN,NaN,NaN,19415.109550304893,0.0,11932.851721666344,9357.747981156892,0.2669853091564412,0.0,0.1642430996256684,0.12877159121789045,0.013829581215202131,0.36040873015873004,0.29972222222222217,0.38849999999999996,0.3503333333333334,0.3109289215686275,0.38210539180157505,0.3688674058944845,0.29249452015459193,0.24758596784636783,0.37358063503158306,0.1268263231023436,0.14345658967177724,0.28971708722587924,0.17046152286324032,0.37953847713675976,844.3214245234095,616.0462447063524,424.856171139549,241.56106844867608
80,0.8410743145743145,0.8231365023865023,0.7707976190476188,0.7230476190476187,0.2307499999999999,0.4907791652791654,0.5619308746808747,0.6288095238095237,0.6791666666666666,0.5693551197609618,24.456823879669372,32.89262147000679,34.60144198446061,48.64610002463742,32.84068606329608,0.8397585470085471,0.7895246975246976,0.8121294200295743,NaN,NaN,NaN,NaN,977.551461465768,NaN,NaN,NaN,NaN,NaN,NaN,NaN,35364.38516996422,0.0,18994.871170170285,9492.568210084517,0.4872573489785107,0.0,0.2618772486125874,0.13086540240890213,0.026983807478976555,0.5677175602175603,0.5053028083028082,0.595297619047619,0.49250000000000005,0.4953898957266842,0.6153116225844646,0.5944155072082297,0.4443463306939968,0.39617172380260973,0.5947996656642993,0.227500202116528,0.21150431568731118,0.44099548219616075,0.26349922536944365,0.6165007746305564,1388.72468985891,1032.631111906412,680.4859873376017,410.8966727899087
100,0.9547752525252523,0.88785649034488,0.8015238095238095,0.7123650793650793,0.24600000000000005,0.5108370795870796,0.6464633095662506,0.6866212121212121,0.7228531746031746,0.6214077786143006,24.642460886721402,35.57570761173197,35.12053877005811,39.45338804926457,32.39785674133744,0.9690501443001441,0.8635312383694734,0.9181818963387307,NaN,NaN,NaN,NaN,799.118694002432,NaN,NaN,NaN,NaN,NaN,NaN,NaN,42924.0132447432,0.0,21867.831317748292,7569.041974567052,0.5931310509241946,0.0,0.302250190225427,0.10461875885037866,0.04123183117435987,0.6357785409035411,0.5063745633451516,0.6441969696969697,0.6614920634920636,0.5484174039326214,0.692415027216874,0.6824701112266499,0.46143022758925584,0.47991283125328665,0.6845595132864745,0.22581481856772398,0.2437867831727222,0.5203983982595539,0.2953367500370213,0.6946632499629789,1595.0519918446319,1172.2637359731968,721.9656270684645,499.36584858015425